ticker,company_name,cik,adsh,form,fy,fp,period_end,filed_at,revenue,operating_income,net_income,diluted_eps,operating_cash_flow,capex,net_margin,operating_margin,free_cash_flow
AAPL,APPLE INC,320193,0001193125-09-153165,10-Q,2009.0,Q3,2009-06-30,2009-07-22,8337000000.0,1672000000.0,1229000000.0,1.35,7049000000.0,,0.1474151373395706,0.2005517572268202,
AAPL,APPLE INC,320193,0001193125-09-214859,10-K,2009.0,FY,2009-09-30,2009-10-27,36537000000.0,7658000000.0,5704000000.0,6.29,10159000000.0,,0.15611571831294305,0.2095957522511427,
AAPL,APPLE INC,320193,0001193125-10-012085,10-Q,2010.0,Q1,2009-12-31,2010-01-25,15683000000.0,4725000000.0,3378000000.0,3.67,5781000000.0,,0.21539246317668814,0.3012816425428808,
AAPL,APPLE INC,320193,0001193125-10-088957,10-Q,2010.0,Q2,2010-03-31,2010-04-21,13499000000.0,3979000000.0,3074000000.0,3.33,8111000000.0,,0.22772057189421438,0.29476257500555597,
AAPL,APPLE INC,320193,0001193125-10-162840,10-Q,2010.0,Q3,2010-06-30,2010-07-21,15700000000.0,4234000000.0,3253000000.0,3.51,12912000000.0,,0.20719745222929936,0.2696815286624204,
AAPL,APPLE INC,320193,0001193125-10-238044,10-K,2010.0,FY,2010-09-30,2010-10-27,65225000000.0,18385000000.0,14013000000.0,15.15,18595000000.0,,0.21484093522422384,0.2818704484476811,
AAPL,APPLE INC,320193,0001193125-11-010144,10-Q,2011.0,Q1,2010-12-31,2011-01-19,26741000000.0,7827000000.0,6004000000.0,6.43,9773000000.0,,0.22452413896264165,0.2926966082046296,
AAPL,APPLE INC,320193,0001193125-11-104388,10-Q,2011.0,Q2,2011-03-31,2011-04-21,24667000000.0,7874000000.0,5987000000.0,6.4,15992000000.0,,0.24271293631167146,0.31921190254185755,
AAPL,APPLE INC,320193,0001193125-11-192493,10-Q,2011.0,Q3,2011-06-30,2011-07-20,28571000000.0,9379000000.0,7308000000.0,7.79,27100000000.0,,0.25578383675755134,0.32826992404886074,
AAPL,APPLE INC,320193,0001193125-11-282113,10-K,2011.0,FY,2011-09-30,2011-10-26,108249000000.0,33790000000.0,25922000000.0,27.68,37529000000.0,,0.2394664153941376,0.31215068961376086,
AAPL,APPLE INC,320193,0001193125-12-023398,10-Q,2012.0,Q1,2011-12-31,2012-01-25,46333000000.0,17340000000.0,13064000000.0,13.87,17554000000.0,,0.28195886301340295,0.37424729674314205,
AAPL,APPLE INC,320193,0001193125-12-182321,10-Q,2012.0,Q2,2012-03-31,2012-04-25,39186000000.0,15384000000.0,11622000000.0,12.3,31531000000.0,,0.2965855152350329,0.3925891900168427,
AAPL,APPLE INC,320193,0001193125-12-314552,10-Q,2012.0,Q3,2012-06-30,2012-07-25,35023000000.0,11573000000.0,8824000000.0,9.32,41720000000.0,,0.2519487194129572,0.3304399965736802,
AAPL,APPLE INC,320193,0001193125-12-444068,10-K,2012.0,FY,2012-09-30,2012-10-31,156508000000.0,55241000000.0,41733000000.0,44.15,50856000000.0,,0.26665090602397323,0.35295959311984054,
AAPL,APPLE INC,320193,0001193125-13-022339,10-Q,2013.0,Q1,2012-12-31,2013-01-24,54512000000.0,17210000000.0,13078000000.0,13.81,23426000000.0,,0.2399104784267684,0.3157103023187555,
AAPL,APPLE INC,320193,0001193125-13-168288,10-Q,2013.0,Q2,2013-03-31,2013-04-24,43603000000.0,12558000000.0,9547000000.0,10.09,35930000000.0,,0.2189528243469486,0.2880077058917964,
AAPL,APPLE INC,320193,0001193125-13-300670,10-Q,2013.0,Q3,2013-06-30,2013-07-24,35323000000.0,9201000000.0,6900000000.0,7.47,43758000000.0,,0.19534014664666083,0.2604818390283951,
AAPL,APPLE INC,320193,0001193125-13-416534,10-K,2013.0,FY,2013-09-30,2013-10-30,170910000000.0,48999000000.0,37037000000.0,39.75,53666000000.0,,0.21670469837926393,0.2866947516236616,
AAPL,APPLE INC,320193,0001193125-14-024487,10-Q,2014.0,Q1,2013-12-31,2014-01-28,57594000000.0,17463000000.0,13072000000.0,14.5,22670000000.0,,0.2269680869535021,0.3032086675695385,
AAPL,APPLE INC,320193,0001193125-14-157311,10-Q,2014.0,Q2,2014-03-31,2014-04-24,45646000000.0,13593000000.0,10223000000.0,11.62,36208000000.0,,0.22396266923717303,0.2977917013538974,
AAPL,APPLE INC,320193,0001193125-14-277160,10-Q,2014.0,Q3,2014-06-30,2014-07-23,37432000000.0,10282000000.0,7748000000.0,1.28,46463000000.0,,0.2069886727933319,0.2746847617012182,
AAPL,APPLE INC,320193,0001193125-14-383437,10-K,2014.0,FY,2014-09-30,2014-10-27,182795000000.0,52503000000.0,39510000000.0,6.45,59713000000.0,,0.21614376760852322,0.28722339232473537,
AAPL,APPLE INC,320193,0001193125-15-023697,10-Q,2015.0,Q1,2014-12-31,2015-01-28,74599000000.0,24246000000.0,18024000000.0,3.06,33722000000.0,3217000000.0,0.24161181785278624,0.3250177616321935,30505000000.0
AAPL,APPLE INC,320193,0001193125-15-153166,10-Q,2015.0,Q2,2015-03-31,2015-04-28,58010000000.0,18278000000.0,13569000000.0,2.33,52803000000.0,5586000000.0,0.2339079469057059,0.3150836062747802,47217000000.0
AAPL,APPLE INC,320193,0001193125-15-259935,10-Q,2015.0,Q3,2015-06-30,2015-07-22,49605000000.0,14083000000.0,10677000000.0,1.85,67791000000.0,7629000000.0,0.21524039915331117,0.2839028323757686,60162000000.0
AAPL,APPLE INC,320193,0001193125-15-356351,10-K,2015.0,FY,2015-09-30,2015-10-28,233715000000.0,71230000000.0,53394000000.0,9.22,81266000000.0,11247000000.0,0.22845773698735639,0.3047729071732666,70019000000.0
AAPL,APPLE INC,320193,0001193125-16-439878,10-Q,2016.0,Q1,2015-12-31,2016-01-27,75872000000.0,24171000000.0,18361000000.0,3.28,27463000000.0,3612000000.0,0.24199968367777308,0.31857602277520036,23851000000.0
AAPL,APPLE INC,320193,0001193125-16-559625,10-Q,2016.0,Q2,2016-03-31,2016-04-27,50557000000.0,13987000000.0,10516000000.0,1.9,39064000000.0,5948000000.0,0.2080028482702692,0.27665802955080404,33116000000.0
AAPL,APPLE INC,320193,0001628280-16-017809,10-Q,2016.0,Q3,2016-06-30,2016-07-27,42358000000.0,10105000000.0,7796000000.0,1.42,49698000000.0,8757000000.0,0.18405023844374144,0.23856178289815383,40941000000.0
AAPL,APPLE INC,320193,0001628280-16-020309,10-K,2016.0,FY,2016-09-30,2016-10-26,215639000000.0,60024000000.0,45687000000.0,8.31,65824000000.0,12734000000.0,0.211867983064288,0.27835410106706115,53090000000.0
AAPL,APPLE INC,320193,0001628280-17-000717,10-Q,2017.0,Q1,2016-12-31,2017-02-01,78351000000.0,23359000000.0,17891000000.0,3.36,27056000000.0,3334000000.0,0.22834424576584855,0.2981327615473957,23722000000.0
AAPL,APPLE INC,320193,0001628280-17-004790,10-Q,2017.0,Q2,2017-03-31,2017-05-03,52896000000.0,14097000000.0,11029000000.0,2.1,39579000000.0,6309000000.0,0.20850347852389595,0.2665040834845735,33270000000.0
AAPL,APPLE INC,320193,0000320193-17-000009,10-Q,2017.0,Q3,2017-06-30,2017-08-02,45408000000.0,10768000000.0,8717000000.0,1.67,47942000000.0,8586000000.0,0.19197057787174066,0.23713883016208598,39356000000.0
AAPL,APPLE INC,320193,0000320193-17-000070,10-K,2017.0,FY,2017-09-30,2017-11-03,229234000000.0,61344000000.0,48351000000.0,9.21,63598000000.0,12451000000.0,0.21092420845075338,0.2676042820872994,51147000000.0
AAPL,APPLE INC,320193,0000320193-18-000007,10-Q,2018.0,Q1,2017-12-31,2018-02-02,88293000000.0,26274000000.0,20065000000.0,3.89,28293000000.0,2810000000.0,0.22725470875380835,0.29757738439060855,25483000000.0
AAPL,APPLE INC,320193,0000320193-18-000070,10-Q,2018.0,Q2,2018-03-31,2018-05-02,61137000000.0,15894000000.0,13822000000.0,2.73,43423000000.0,7005000000.0,0.22608240509020724,0.2599735021345503,36418000000.0
AAPL,APPLE INC,320193,0000320193-18-000100,10-Q,2018.0,Q3,2018-06-30,2018-08-01,53265000000.0,12612000000.0,11519000000.0,2.34,57911000000.0,10272000000.0,0.21625833098657654,0.23677837228949591,47639000000.0
AAPL,APPLE INC,320193,0000320193-18-000145,10-K,2018.0,FY,2018-09-30,2018-11-05,265595000000.0,70898000000.0,59531000000.0,11.91,77434000000.0,13313000000.0,0.22414202074587247,0.26694026619477024,64121000000.0
AAPL,APPLE INC,320193,0000320193-19-000010,10-Q,2019.0,Q1,2018-12-31,2019-01-30,84310000000.0,23346000000.0,19965000000.0,4.18,26690000000.0,3355000000.0,0.23680464950776894,0.27690665401494485,23335000000.0
AAPL,APPLE INC,320193,0000320193-19-000066,10-Q,2019.0,Q2,2019-03-31,2019-05-01,58015000000.0,13415000000.0,11561000000.0,2.46,37845000000.0,5718000000.0,0.19927604929759546,0.2312333017323106,32127000000.0
AAPL,APPLE INC,320193,0000320193-19-000076,10-Q,2019.0,Q3,2019-06-30,2019-07-31,53809000000.0,11544000000.0,10044000000.0,2.18,49481000000.0,7718000000.0,0.18666022412607555,0.2145366016837332,41763000000.0
AAPL,APPLE INC,320193,0000320193-19-000119,10-K,2019.0,FY,2019-09-30,2019-10-31,260174000000.0,63930000000.0,55256000000.0,11.89,69391000000.0,10495000000.0,0.21238094505984456,0.24572017188496928,58896000000.0
AAPL,APPLE INC,320193,0000320193-20-000010,10-Q,2020.0,Q1,2019-12-31,2020-01-29,91819000000.0,25569000000.0,22236000000.0,4.99,30516000000.0,2107000000.0,0.2421720994565395,0.2784717759940753,28409000000.0
AAPL,APPLE INC,320193,0000320193-20-000052,10-Q,2020.0,Q2,2020-03-31,2020-05-01,58313000000.0,12853000000.0,11249000000.0,2.55,43827000000.0,3960000000.0,0.1929072419529093,0.22041397287054346,39867000000.0
AAPL,APPLE INC,320193,0000320193-20-000062,10-Q,2020.0,Q3,2020-06-30,2020-07-31,59685000000.0,13091000000.0,11253000000.0,2.58,60098000000.0,5525000000.0,0.18853983412917819,0.21933484124989527,54573000000.0
AAPL,APPLE INC,320193,0000320193-20-000096,10-K,2020.0,FY,2020-09-30,2020-10-30,274515000000.0,66288000000.0,57411000000.0,3.28,80674000000.0,7309000000.0,0.20913611278072236,0.24147314354406862,73365000000.0
AAPL,APPLE INC,320193,0000320193-21-000010,10-Q,2021.0,Q1,2020-12-31,2021-01-28,111439000000.0,33534000000.0,28755000000.0,1.68,38763000000.0,3500000000.0,0.25803354301456405,0.30091799100853384,35263000000.0
AAPL,APPLE INC,320193,0000320193-21-000056,10-Q,2021.0,Q2,2021-03-31,2021-04-29,89584000000.0,27503000000.0,23630000000.0,1.4,62744000000.0,5769000000.0,0.2637747812109305,0.30700794784783,56975000000.0
AAPL,APPLE INC,320193,0000320193-21-000065,10-Q,2021.0,Q3,2021-06-30,2021-07-28,81434000000.0,24126000000.0,21744000000.0,1.3,83838000000.0,7862000000.0,0.2670137780288332,0.296264459562345,75976000000.0
AAPL,APPLE INC,320193,0000320193-21-000105,10-K,2021.0,FY,2021-09-30,2021-10-29,365817000000.0,108949000000.0,94680000000.0,5.61,104038000000.0,11085000000.0,0.2588179335569424,0.29782377527561593,92953000000.0
AAPL,APPLE INC,320193,0000320193-22-000007,10-Q,2022.0,Q1,2021-12-31,2022-01-28,123945000000.0,41488000000.0,34630000000.0,2.1,46966000000.0,2803000000.0,0.2793981201339304,0.3347291137197951,44163000000.0
AAPL,APPLE INC,320193,0000320193-22-000059,10-Q,2022.0,Q2,2022-03-31,2022-04-29,97278000000.0,29979000000.0,25010000000.0,1.52,75132000000.0,5317000000.0,0.25709821336787353,0.30817862209338187,69815000000.0
AAPL,APPLE INC,320193,0000320193-22-000070,10-Q,2022.0,Q3,2022-06-30,2022-07-29,82959000000.0,23076000000.0,19442000000.0,1.2,98024000000.0,7419000000.0,0.2343567304331055,0.2781615014645789,90605000000.0
AAPL,APPLE INC,320193,0000320193-22-000108,10-K,2022.0,FY,2022-09-30,2022-10-28,394328000000.0,119437000000.0,99803000000.0,6.11,122151000000.0,10708000000.0,0.2530964070519973,0.30288744395528594,111443000000.0
AAPL,APPLE INC,320193,0000320193-23-000006,10-Q,2023.0,Q1,2022-12-31,2023-02-03,117154000000.0,36016000000.0,29998000000.0,1.88,34005000000.0,3787000000.0,0.2560561312460522,0.30742441572630896,30218000000.0
AAPL,APPLE INC,320193,0000320193-23-000064,10-Q,2023.0,Q2,2023-03-31,2023-05-05,94836000000.0,28318000000.0,24160000000.0,1.52,62565000000.0,6703000000.0,0.25475557805052934,0.2985996878822388,55862000000.0
AAPL,APPLE INC,320193,0000320193-23-000077,10-Q,2023.0,Q3,2023-06-30,2023-08-04,81797000000.0,22998000000.0,19881000000.0,1.26,88945000000.0,8796000000.0,0.24305292370135825,0.2811594557257601,80149000000.0
AAPL,APPLE INC,320193,0000320193-23-000106,10-K,2023.0,FY,2023-09-30,2023-11-03,383285000000.0,114301000000.0,96995000000.0,6.13,110543000000.0,10959000000.0,0.2530623426432028,0.2982141226502472,99584000000.0
AAPL,APPLE INC,320193,0000320193-24-000006,10-Q,2024.0,Q1,2023-12-31,2024-02-02,119575000000.0,40373000000.0,33916000000.0,2.18,39895000000.0,2392000000.0,0.2836378841731131,0.337637466025507,37503000000.0
AAPL,APPLE INC,320193,0000320193-24-000069,10-Q,2024.0,Q2,2024-03-31,2024-05-03,90753000000.0,27900000000.0,23636000000.0,1.53,62585000000.0,4388000000.0,0.26044318094167684,0.30742785362467356,58197000000.0
AAPL,APPLE INC,320193,0000320193-24-000081,10-Q,2024.0,Q3,2024-06-30,2024-08-02,85777000000.0,25352000000.0,21448000000.0,1.4,91443000000.0,6539000000.0,0.25004371801298714,0.29555708406682446,84904000000.0
AAPL,APPLE INC,320193,0000320193-24-000123,10-K,2024.0,FY,2024-09-30,2024-11-01,391035000000.0,123216000000.0,93736000000.0,6.08,118254000000.0,9447000000.0,0.23971255769943867,0.31510222870075566,108807000000.0
AAPL,APPLE INC,320193,0000320193-25-000008,10-Q,2025.0,Q1,2024-12-31,2025-01-31,124300000000.0,42832000000.0,36330000000.0,2.4,29935000000.0,2940000000.0,0.2922767497988737,0.34458567980691873,26995000000.0
AAPL,APPLE INC,320193,0000320193-25-000057,10-Q,2025.0,Q2,2025-03-31,2025-05-02,95359000000.0,29589000000.0,24780000000.0,1.65,53887000000.0,6011000000.0,0.25986010759341016,0.31029058610094484,47876000000.0
AMZN,AMAZON COM INC,1018724,0001193125-09-154174,10-Q,2009.0,Q2,2009-06-30,2009-07-24,4651000000.0,159000000.0,142000000.0,0.32,468000000.0,78000000.0,0.03053106858740056,0.03418619651687809,390000000.0
AMZN,AMAZON COM INC,1018724,0001193125-09-212134,10-Q,2009.0,Q3,2009-09-30,2009-10-23,5449000000.0,251000000.0,199000000.0,0.45,799000000.0,103000000.0,0.03652046247017801,0.046063497889521014,696000000.0
AMZN,AMAZON COM INC,1018724,0001193125-10-016098,10-K,2009.0,FY,2009-12-31,2010-01-29,24509000000.0,1129000000.0,902000000.0,2.04,3293000000.0,373000000.0,0.036802807132073935,0.04606471092251826,2920000000.0
AMZN,AMAZON COM INC,1018724,0001193125-10-090367,10-Q,2010.0,Q1,2010-03-31,2010-04-23,7131000000.0,394000000.0,299000000.0,0.66,-1098000000.0,140000000.0,0.04192960314121442,0.055251717851633714,-1238000000.0
AMZN,AMAZON COM INC,1018724,0001193125-10-164083,10-Q,2010.0,Q2,2010-06-30,2010-07-23,6566000000.0,270000000.0,207000000.0,0.45,250000000.0,196000000.0,0.031526043253122145,0.04112092598233323,54000000.0
AMZN,AMAZON COM INC,1018724,0001193125-10-233883,10-Q,2010.0,Q3,2010-09-30,2010-10-22,7560000000.0,268000000.0,231000000.0,0.51,855000000.0,315000000.0,0.030555555555555555,0.035449735449735446,540000000.0
AMZN,AMAZON COM INC,1018724,0001193125-11-016253,10-K,2010.0,FY,2010-12-31,2011-01-28,34204000000.0,1406000000.0,1152000000.0,2.53,3495000000.0,979000000.0,0.03368027131329669,0.04110630335633259,2516000000.0
AMZN,AMAZON COM INC,1018724,0001193125-11-110197,10-Q,2011.0,Q1,2011-03-31,2011-04-27,9857000000.0,322000000.0,201000000.0,0.44,-1586000000.0,298000000.0,0.020391599878259104,0.032667140103479764,-1884000000.0
AMZN,AMAZON COM INC,1018724,0001193125-11-197823,10-Q,2011.0,Q2,2011-06-30,2011-07-27,9913000000.0,201000000.0,191000000.0,0.41,423000000.0,433000000.0,0.019267628366791082,0.020276404721073338,-10000000.0
AMZN,AMAZON COM INC,1018724,0001193125-11-280739,10-Q,2011.0,Q3,2011-09-30,2011-10-26,10876000000.0,79000000.0,63000000.0,0.14,797000000.0,529000000.0,0.005792570798087532,0.007263699889665318,268000000.0
AMZN,AMAZON COM INC,1018724,0001193125-12-032846,10-K,2011.0,FY,2011-12-31,2012-02-01,48077000000.0,862000000.0,631000000.0,1.37,3903000000.0,1811000000.0,0.013124779000353599,0.0179295713126859,2092000000.0
AMZN,AMAZON COM INC,1018724,0001193125-12-187203,10-Q,2012.0,Q1,2012-03-31,2012-04-27,13185000000.0,192000000.0,130000000.0,0.28,-2438000000.0,386000000.0,0.009859689040576413,0.014562002275312855,-2824000000.0
AMZN,AMAZON COM INC,1018724,0001193125-12-317409,10-Q,2012.0,Q2,2012-06-30,2012-07-27,12834000000.0,107000000.0,7000000.0,0.01,594000000.0,657000000.0,0.0005454262116253701,0.008337229234844944,-63000000.0
AMZN,AMAZON COM INC,1018724,0001193125-12-436012,10-Q,2012.0,Q3,2012-09-30,2012-10-26,13806000000.0,-28000000.0,-274000000.0,-0.6,943000000.0,716000000.0,-0.019846443575257135,-0.0020281037230189774,227000000.0
AMZN,AMAZON COM INC,1018724,0001193125-13-028520,10-K,2012.0,FY,2012-12-31,2013-01-30,61093000000.0,676000000.0,-39000000.0,-0.09,4180000000.0,3785000000.0,-0.0006383710081351383,0.011065097474342396,395000000.0
AMZN,AMAZON COM INC,1018724,0001193125-13-174667,10-Q,2013.0,Q1,2013-03-31,2013-04-26,16070000000.0,181000000.0,82000000.0,0.18,-2372000000.0,670000000.0,0.005102675793403858,0.011263223397635346,-3042000000.0
AMZN,AMAZON COM INC,1018724,0001193125-13-303204,10-Q,2013.0,Q2,2013-06-30,2013-07-26,15704000000.0,79000000.0,-7000000.0,-0.02,880000000.0,855000000.0,-0.000445746306673459,0.005030565461029037,25000000.0
AMZN,AMAZON COM INC,1018724,0001445305-13-002495,10-Q,2013.0,Q3,2013-09-30,2013-10-25,17092000000.0,-25000000.0,-41000000.0,-0.09,1388000000.0,1038000000.0,-0.0023987830564006552,-0.0014626725953662532,350000000.0
AMZN,AMAZON COM INC,1018724,0001018724-14-000006,10-K,2013.0,FY,2013-12-31,2014-01-31,74452000000.0,745000000.0,274000000.0,0.59,5475000000.0,3444000000.0,0.0036802234997045076,0.010006447106860796,2031000000.0
AMZN,AMAZON COM INC,1018724,0001018724-14-000014,10-Q,2014.0,Q1,2014-03-31,2014-04-25,19741000000.0,146000000.0,108000000.0,0.23,-2502000000.0,1080000000.0,0.005470847474798642,0.007395775290005572,-3582000000.0
AMZN,AMAZON COM INC,1018724,0001018724-14-000025,10-Q,2014.0,Q2,2014-06-30,2014-07-25,19340000000.0,-15000000.0,-126000000.0,-0.27,862000000.0,1290000000.0,-0.006514994829369183,-0.0007755946225439503,-428000000.0
AMZN,AMAZON COM INC,1018724,0001018724-14-000055,10-Q,2014.0,Q3,2014-09-30,2014-10-24,20579000000.0,-544000000.0,-437000000.0,-0.95,1766000000.0,1378000000.0,-0.021235239807570826,-0.026434715000728897,388000000.0
AMZN,AMAZON COM INC,1018724,0001018724-15-000006,10-K,2014.0,FY,2014-12-31,2015-01-30,88988000000.0,178000000.0,-241000000.0,-0.52,6842000000.0,4893000000.0,-0.0027082303231896437,0.002000269699285297,1949000000.0
AMZN,AMAZON COM INC,1018724,0001018724-15-000038,10-Q,2015.0,Q1,2015-03-31,2015-04-24,22717000000.0,255000000.0,-57000000.0,-0.12,-1499000000.0,871000000.0,-0.002509134128626139,0.011225073733327463,-2370000000.0
AMZN,AMAZON COM INC,1018724,0001018724-15-000087,10-Q,2015.0,Q2,2015-06-30,2015-07-24,23185000000.0,464000000.0,92000000.0,0.19,1997000000.0,1213000000.0,0.003968082812163037,0.020012939400474446,784000000.0
AMZN,AMAZON COM INC,1018724,0001018724-15-000126,10-Q,2015.0,Q3,2015-09-30,2015-10-23,25358000000.0,406000000.0,79000000.0,0.17,2610000000.0,1195000000.0,0.0031153876488682073,0.016010726397980915,1415000000.0
AMZN,AMAZON COM INC,1018724,0001018724-16-000172,10-K,2015.0,FY,2015-12-31,2016-01-29,107006000000.0,2233000000.0,596000000.0,1.25,11920000000.0,4589000000.0,0.0055697811337682,0.020867988710913405,7331000000.0
AMZN,AMAZON COM INC,1018724,0001018724-16-000227,10-Q,2016.0,Q1,2016-03-31,2016-04-29,29128000000.0,1071000000.0,513000000.0,1.07,-2160000000.0,1179000000.0,0.01761191980225213,0.036768744850315845,-3339000000.0
AMZN,AMAZON COM INC,1018724,0001018724-16-000286,10-Q,2016.0,Q2,2016-06-30,2016-07-29,30404000000.0,1285000000.0,857000000.0,1.78,3465000000.0,1711000000.0,0.02818708064728325,0.042264175766346536,1754000000.0
AMZN,AMAZON COM INC,1018724,0001018724-16-000324,10-Q,2016.0,Q3,2016-09-30,2016-10-28,32714000000.0,575000000.0,252000000.0,0.52,4486000000.0,1841000000.0,0.0077031240447514825,0.017576572721159138,2645000000.0
AMZN,AMAZON COM INC,1018724,0001018724-17-000011,10-K,2016.0,FY,2016-12-31,2017-02-10,135987000000.0,4186000000.0,2371000000.0,4.9,16443000000.0,6737000000.0,0.017435490157147373,0.030782354195621642,9706000000.0
AMZN,AMAZON COM INC,1018724,0001018724-17-000051,10-Q,2017.0,Q1,2017-03-31,2017-04-28,35714000000.0,1005000000.0,724000000.0,1.48,-1590000000.0,1861000000.0,0.02027216217729742,0.028140225121800973,-3451000000.0
AMZN,AMAZON COM INC,1018724,0001018724-17-000100,10-Q,2017.0,Q2,2017-06-30,2017-07-28,37955000000.0,628000000.0,197000000.0,0.4,3829000000.0,,0.005190357001712554,0.016545909629824794,
AMZN,AMAZON COM INC,1018724,0001018724-17-000135,10-Q,2017.0,Q3,2017-09-30,2017-10-27,43744000000.0,347000000.0,256000000.0,0.52,3851000000.0,,0.005852231163130944,0.007932516459400147,
AMZN,AMAZON COM INC,1018724,0001018724-18-000005,10-K,2017.0,FY,2017-12-31,2018-02-02,177866000000.0,4106000000.0,3033000000.0,6.15,18434000000.0,,0.01705216286417865,0.023084794170892695,
AMZN,AMAZON COM INC,1018724,0001018724-18-000072,10-Q,2018.0,Q1,2018-03-31,2018-04-27,51042000000.0,1927000000.0,1629000000.0,3.27,-1791000000.0,,0.031914893617021274,0.037753222836095765,
AMZN,AMAZON COM INC,1018724,0001018724-18-000108,10-Q,2018.0,Q2,2018-06-30,2018-07-27,52886000000.0,2983000000.0,2534000000.0,5.07,7449000000.0,,0.04791438187800174,0.056404341413606625,
AMZN,AMAZON COM INC,1018724,0001018724-18-000159,10-Q,2018.0,Q3,2018-09-30,2018-10-26,56576000000.0,3724000000.0,2883000000.0,5.75,8588000000.0,,0.05095800339366516,0.06582296380090498,
AMZN,AMAZON COM INC,1018724,0001018724-19-000004,10-K,2018.0,FY,2018-12-31,2019-02-01,232887000000.0,12421000000.0,10073000000.0,20.14,30723000000.0,,0.04325273630559026,0.053334879147397665,
AMZN,AMAZON COM INC,1018724,0001018724-19-000043,10-Q,2019.0,Q1,2019-03-31,2019-04-26,59700000000.0,4420000000.0,3561000000.0,7.09,1846000000.0,,0.05964824120603015,0.07403685092127303,
AMZN,AMAZON COM INC,1018724,0001018724-19-000071,10-Q,2019.0,Q2,2019-06-30,2019-07-26,63404000000.0,3084000000.0,2625000000.0,5.22,9118000000.0,,0.04140117342754401,0.04864046432401741,
AMZN,AMAZON COM INC,1018724,0001018724-19-000089,10-Q,2019.0,Q3,2019-09-30,2019-10-25,69981000000.0,3157000000.0,2134000000.0,4.23,7892000000.0,,0.030493991226189964,0.045112244752147014,
AMZN,AMAZON COM INC,1018724,0001018724-20-000004,10-K,2019.0,FY,2019-12-31,2020-01-31,280522000000.0,14541000000.0,11588000000.0,23.01,38514000000.0,,0.04130870306072251,0.05183550666257905,
AMZN,AMAZON COM INC,1018724,0001018724-20-000010,10-Q,2020.0,Q1,2020-03-31,2020-05-01,75452000000.0,3989000000.0,2535000000.0,5.01,3064000000.0,,0.03359751895244659,0.052868048560674334,
AMZN,AMAZON COM INC,1018724,0001018724-20-000021,10-Q,2020.0,Q2,2020-06-30,2020-07-31,88912000000.0,5843000000.0,5243000000.0,10.3,20606000000.0,,0.05896841821126507,0.06571666366744647,
AMZN,AMAZON COM INC,1018724,0001018724-20-000030,10-Q,2020.0,Q3,2020-09-30,2020-10-30,96145000000.0,6194000000.0,6331000000.0,12.37,11964000000.0,,0.06584845805814135,0.06442352696448073,
AMZN,AMAZON COM INC,1018724,0001018724-21-000004,10-K,2020.0,FY,2020-12-31,2021-02-03,386064000000.0,22899000000.0,21331000000.0,41.83,66064000000.0,,0.05525249699531684,0.05931399975133657,
AMZN,AMAZON COM INC,1018724,0001018724-21-000010,10-Q,2021.0,Q1,2021-03-31,2021-04-30,108518000000.0,8865000000.0,8107000000.0,15.79,4213000000.0,,0.07470650030409702,0.08169151661475516,
AMZN,AMAZON COM INC,1018724,0001018724-21-000020,10-Q,2021.0,Q2,2021-06-30,2021-07-30,113080000000.0,7702000000.0,7778000000.0,15.12,12715000000.0,,0.0687831623629289,0.06811107180756987,
AMZN,AMAZON COM INC,1018724,0001018724-21-000028,10-Q,2021.0,Q3,2021-09-30,2021-10-29,110812000000.0,4852000000.0,3156000000.0,6.12,7313000000.0,,0.028480669963541854,0.043785871566256365,
AMZN,AMAZON COM INC,1018724,0001018724-22-000005,10-K,2021.0,FY,2021-12-31,2022-02-04,469822000000.0,24879000000.0,33364000000.0,64.81,46327000000.0,,0.07101412875514557,0.052954097509269465,
AMZN,AMAZON COM INC,1018724,0001018724-22-000013,10-Q,2022.0,Q1,2022-03-31,2022-04-29,116444000000.0,3669000000.0,-3844000000.0,-7.56,-2790000000.0,,-0.03301157638006252,0.031508708048504,
AMZN,AMAZON COM INC,1018724,0001018724-22-000019,10-Q,2022.0,Q2,2022-06-30,2022-07-29,121234000000.0,3317000000.0,-2028000000.0,-0.2,8965000000.0,,-0.01672798059950179,0.027360311463780786,
AMZN,AMAZON COM INC,1018724,0001018724-22-000023,10-Q,2022.0,Q3,2022-09-30,2022-10-28,127101000000.0,2525000000.0,2872000000.0,0.28,11404000000.0,,0.022596203019645794,0.01986609074672898,
AMZN,AMAZON COM INC,1018724,0001018724-23-000004,10-K,2022.0,FY,2022-12-31,2023-02-03,513983000000.0,12248000000.0,-2722000000.0,-0.27,46752000000.0,,-0.005295895000418302,0.023829581912242232,
AMZN,AMAZON COM INC,1018724,0001018724-23-000008,10-Q,2023.0,Q1,2023-03-31,2023-04-28,127358000000.0,4774000000.0,3172000000.0,0.31,4788000000.0,,0.024906170008951147,0.037484885126964934,
AMZN,AMAZON COM INC,1018724,0001018724-23-000012,10-Q,2023.0,Q2,2023-06-30,2023-08-04,134383000000.0,7681000000.0,6750000000.0,0.65,16476000000.0,,0.050229567728060844,0.05715752736581264,
AMZN,AMAZON COM INC,1018724,0001018724-23-000018,10-Q,2023.0,Q3,2023-09-30,2023-10-27,143083000000.0,11188000000.0,9879000000.0,0.94,21217000000.0,,0.06904384168629397,0.07819237785061817,
AMZN,AMAZON COM INC,1018724,0001018724-24-000008,10-K,2023.0,FY,2023-12-31,2024-02-02,574785000000.0,36852000000.0,30425000000.0,2.9,84946000000.0,,0.05293283575597832,0.0641144079960333,
AMZN,AMAZON COM INC,1018724,0001018724-24-000083,10-Q,2024.0,Q1,2024-03-31,2024-05-01,143313000000.0,15307000000.0,10431000000.0,0.98,18989000000.0,,0.07278474388227167,0.10680817511321374,
AMZN,AMAZON COM INC,1018724,0001018724-24-000130,10-Q,2024.0,Q2,2024-06-30,2024-08-02,147977000000.0,14672000000.0,13485000000.0,1.26,25281000000.0,,0.0911290268082202,0.09915054366556965,
AMZN,AMAZON COM INC,1018724,0001018724-24-000161,10-Q,2024.0,Q3,2024-09-30,2024-11-01,158877000000.0,17411000000.0,15328000000.0,1.43,25971000000.0,,0.09647714898946984,0.1095879202150091,
AMZN,AMAZON COM INC,1018724,0001018724-25-000004,10-K,2024.0,FY,2024-12-31,2025-02-07,637959000000.0,68593000000.0,59248000000.0,5.53,115877000000.0,,0.09287117197186653,0.1075194487420038,
AMZN,AMAZON COM INC,1018724,0001018724-25-000036,10-Q,2025.0,Q1,2025-03-31,2025-05-02,155667000000.0,18405000000.0,17127000000.0,1.59,17015000000.0,,0.1100233190078822,0.11823315153500742,
AVGO,BROADCOM INC,1730168,0001730168-18-000019,10-Q,2018.0,Q2,2018-04-30,2018-06-14,5014000000.0,1201000000.0,3718000000.0,8.33,3998000000.0,409000000.0,0.741523733546071,0.2395293179098524,3589000000.0
AVGO,BROADCOM INC,1730168,0001730168-18-000039,10-Q,2018.0,Q3,2018-07-31,2018-09-13,5063000000.0,1339000000.0,1196000000.0,2.71,6245000000.0,529000000.0,0.23622358285601422,0.26446770689314636,5716000000.0
AVGO,BROADCOM INC,1730168,0001730168-18-000084,10-K,2018.0,FY,2018-10-31,2018-12-21,20848000000.0,5135000000.0,12259000000.0,28.44,8880000000.0,635000000.0,0.5880180353031466,0.24630660015349193,8245000000.0
AVGO,BROADCOM INC,1730168,0001730168-19-000036,10-Q,2019.0,Q1,2019-01-31,2019-03-15,5789000000.0,555000000.0,471000000.0,1.12,2132000000.0,99000000.0,0.08136120228018656,0.0958714803938504,2033000000.0
AVGO,BROADCOM INC,1730168,0001730168-19-000101,10-Q,2019.0,Q2,2019-04-30,2019-06-14,5517000000.0,970000000.0,691000000.0,1.64,4799000000.0,224000000.0,0.12524922965379737,0.17582019213340583,4575000000.0
AVGO,BROADCOM INC,1730168,0001730168-19-000118,10-Q,2019.0,Q3,2019-07-31,2019-09-13,5515000000.0,865000000.0,715000000.0,1.71,7218000000.0,336000000.0,0.12964641885766093,0.15684496826835903,6882000000.0
AVGO,BROADCOM INC,1730168,0001730168-19-000144,10-K,2019.0,FY,2019-10-31,2019-12-20,22597000000.0,3444000000.0,2724000000.0,6.43,9697000000.0,432000000.0,0.12054697526220294,0.15240961189538435,9265000000.0
AVGO,BROADCOM INC,1730168,0001730168-20-000045,10-Q,2020.0,Q1,2020-01-31,2020-03-13,5858000000.0,714000000.0,385000000.0,0.74,2322000000.0,108000000.0,0.06572208945032434,0.12188460225332878,2214000000.0
AVGO,BROADCOM INC,1730168,0001730168-20-000109,10-Q,2020.0,Q2,2020-04-30,2020-06-12,5742000000.0,766000000.0,563000000.0,1.17,5535000000.0,256000000.0,0.09804946011842564,0.133402995471961,5279000000.0
AVGO,BROADCOM INC,1730168,0001730168-20-000164,10-Q,2020.0,Q3,2020-07-31,2020-09-11,5821000000.0,1008000000.0,688000000.0,1.45,8713000000.0,361000000.0,0.11819275038653153,0.1731661226593369,8352000000.0
AVGO,BROADCOM INC,1730168,0001730168-20-000226,10-K,2020.0,FY,2020-10-31,2020-12-18,23888000000.0,4014000000.0,2960000000.0,6.33,12061000000.0,463000000.0,0.12391158740790355,0.16803415941058272,11598000000.0
AVGO,BROADCOM INC,1730168,0001730168-21-000045,10-Q,2021.0,Q1,2021-01-31,2021-03-12,6655000000.0,1837000000.0,1378000000.0,3.05,3113000000.0,114000000.0,0.20706235912847484,0.27603305785123966,2999000000.0
AVGO,BROADCOM INC,1730168,0001730168-21-000116,10-Q,2021.0,Q2,2021-04-30,2021-06-11,6610000000.0,1975000000.0,1493000000.0,3.3,6682000000.0,240000000.0,0.2258698940998487,0.2987897125567322,6442000000.0
AVGO,BROADCOM INC,1730168,0001730168-21-000123,10-Q,2021.0,Q3,2021-07-31,2021-09-09,6778000000.0,2126000000.0,1876000000.0,4.2,10223000000.0,355000000.0,0.2767778105635881,0.31366184715255235,9868000000.0
AVGO,BROADCOM INC,1730168,0001730168-21-000153,10-K,2021.0,FY,2021-10-31,2021-12-17,27450000000.0,8519000000.0,6736000000.0,15.0,13764000000.0,443000000.0,0.24539162112932605,0.31034608378870676,13321000000.0
AVGO,BROADCOM INC,1730168,0001730168-22-000029,10-Q,2022.0,Q1,2022-01-31,2022-03-10,7706000000.0,3108000000.0,2472000000.0,5.59,3486000000.0,101000000.0,0.3207889955878536,0.40332208668569947,3385000000.0
AVGO,BROADCOM INC,1730168,0001730168-22-000081,10-Q,2022.0,Q2,2022-04-30,2022-06-09,8103000000.0,3394000000.0,2590000000.0,5.93,7729000000.0,186000000.0,0.319634703196347,0.41885721337776133,7543000000.0
AVGO,BROADCOM INC,1730168,0001730168-22-000094,10-Q,2022.0,Q3,2022-07-31,2022-09-08,8464000000.0,3737000000.0,3074000000.0,7.15,12153000000.0,302000000.0,0.3631852551984877,0.4415170132325142,11851000000.0
AVGO,BROADCOM INC,1730168,0001730168-22-000118,10-K,2022.0,FY,2022-10-31,2022-12-16,33203000000.0,14225000000.0,11495000000.0,26.53,16736000000.0,424000000.0,0.3462036562961178,0.4284251423064181,16312000000.0
AVGO,BROADCOM INC,1730168,0001730168-23-000008,10-Q,2023.0,Q1,2023-01-31,2023-03-08,8915000000.0,4103000000.0,3774000000.0,8.8,4036000000.0,103000000.0,0.423331463825014,0.4602355580482333,3933000000.0
AVGO,BROADCOM INC,1730168,0001730168-23-000064,10-Q,2023.0,Q2,2023-04-30,2023-06-07,8733000000.0,4008000000.0,3481000000.0,8.15,8538000000.0,225000000.0,0.39860300011450817,0.45894881484026107,8313000000.0
AVGO,BROADCOM INC,1730168,0001730168-23-000077,10-Q,2023.0,Q3,2023-07-31,2023-09-06,8876000000.0,3856000000.0,3303000000.0,7.74,13257000000.0,347000000.0,0.3721270842721947,0.43442992338891395,12910000000.0
AVGO,BROADCOM INC,1730168,0001730168-23-000096,10-K,2023.0,FY,2023-10-31,2023-12-14,35819000000.0,16207000000.0,14082000000.0,32.98,18085000000.0,452000000.0,0.39314330383316115,0.452469359836958,17633000000.0
AVGO,BROADCOM INC,1730168,0001730168-24-000023,10-Q,2024.0,Q1,2024-01-31,2024-03-14,11961000000.0,2083000000.0,1325000000.0,2.84,4815000000.0,122000000.0,0.11077669091213109,0.17414931861884458,4693000000.0
AVGO,BROADCOM INC,1730168,0001730168-24-000080,10-Q,2024.0,Q2,2024-04-30,2024-06-13,12487000000.0,2965000000.0,2121000000.0,4.42,9395000000.0,254000000.0,0.16985665091695362,0.23744694482261552,9141000000.0
AVGO,BROADCOM INC,1730168,0001730168-24-000099,10-Q,2024.0,Q3,2024-07-31,2024-09-11,13072000000.0,3788000000.0,-1875000000.0,-0.4,14358000000.0,426000000.0,-0.14343635250917994,0.2897796817625459,13932000000.0
AVGO,BROADCOM INC,1730168,0001730168-24-000139,10-K,2024.0,FY,2024-10-31,2024-12-20,51574000000.0,13463000000.0,5895000000.0,1.23,19962000000.0,548000000.0,0.11430177996664986,0.26104238569822,19414000000.0
AVGO,BROADCOM INC,1730168,0001730168-25-000021,10-Q,2025.0,Q1,2025-01-31,2025-03-12,14916000000.0,6260000000.0,5503000000.0,1.14,6113000000.0,100000000.0,0.3689326897291499,0.41968356127648165,6013000000.0
AVGO,BROADCOM INC,1730168,0001730168-25-000064,10-Q,2025.0,Q2,2025-04-30,2025-06-11,15004000000.0,5829000000.0,4965000000.0,1.03,12668000000.0,244000000.0,0.33091175686483604,0.3884964009597441,12424000000.0
BRK.B,BERKSHIRE HATHAWAY INC,1067983,0001157523-09-005813,10-Q,2009.0,Q2,2009-06-30,2009-08-07,59214000000.0,,3295000000.0,,7497000000.0,2633000000.0,0.05564562434559395,,4864000000.0
BRK.B,BERKSHIRE HATHAWAY INC,1067983,0001157523-09-007839,10-Q,2009.0,Q3,2009-09-30,2009-11-06,29904000000.0,,3238000000.0,,12026000000.0,3803000000.0,0.10827982878544676,,8223000000.0
BRK.B,BERKSHIRE HATHAWAY INC,1067983,0001193125-10-043450,10-K,2009.0,FY,2009-12-31,2010-03-01,112493000000.0,,8055000000.0,,15846000000.0,4937000000.0,0.07160445538833528,,10909000000.0
BRK.B,BERKSHIRE HATHAWAY INC,1067983,0001157523-10-002982,10-Q,2010.0,Q1,2010-03-31,2010-05-07,32037000000.0,,3633000000.0,,3313000000.0,1170000000.0,0.11340013109841746,,2143000000.0
BRK.B,BERKSHIRE HATHAWAY INC,1067983,0001157523-10-004882,10-Q,2010.0,Q2,2010-06-30,2010-08-06,31709000000.0,,1968000000.0,,6860000000.0,2716000000.0,0.062064398120407455,,4144000000.0
BRK.B,BERKSHIRE HATHAWAY INC,1067983,0001157523-10-006675,10-Q,2010.0,Q3,2010-09-30,2010-11-05,36274000000.0,,2989000000.0,,13831000000.0,4291000000.0,0.0824006175221922,,9540000000.0
BRK.B,BERKSHIRE HATHAWAY INC,1067983,0001193125-11-048914,10-K,2010.0,FY,2010-12-31,2011-02-28,136185000000.0,,12967000000.0,,17895000000.0,5980000000.0,0.09521606638029151,,11915000000.0
BRK.B,BERKSHIRE HATHAWAY INC,1067983,0001157523-11-002891,10-Q,2011.0,Q1,2011-03-31,2011-05-06,33720000000.0,,1511000000.0,,3502000000.0,1482000000.0,0.04481020166073547,,2020000000.0
BRK.B,BERKSHIRE HATHAWAY INC,1067983,0001157523-11-004793,10-Q,2011.0,Q2,2011-06-30,2011-08-05,38274000000.0,,3417000000.0,,9983000000.0,3444000000.0,0.08927731619376078,,6539000000.0
BRK.B,BERKSHIRE HATHAWAY INC,1067983,0001157523-11-006500,10-Q,2011.0,Q3,2011-09-30,2011-11-04,33739000000.0,,2278000000.0,,15982000000.0,5673000000.0,0.06751830226147781,,10309000000.0
BRK.B,BERKSHIRE HATHAWAY INC,1067983,0001193125-12-079022,10-K,2011.0,FY,2011-12-31,2012-02-27,143688000000.0,,10254000000.0,,20476000000.0,8191000000.0,0.07136295306497412,,12285000000.0
BRK.B,BERKSHIRE HATHAWAY INC,1067983,0001157523-12-002551,10-Q,2012.0,Q1,2012-03-31,2012-05-04,38147000000.0,,3245000000.0,,4650000000.0,2160000000.0,0.08506566702492988,,2490000000.0
BRK.B,BERKSHIRE HATHAWAY INC,1067983,0001157523-12-004238,10-Q,2012.0,Q2,2012-06-30,2012-08-03,38546000000.0,,3108000000.0,,9509000000.0,4579000000.0,0.08063093446790848,,4930000000.0
BRK.B,BERKSHIRE HATHAWAY INC,1067983,0001193125-12-449402,10-Q,2012.0,Q3,2012-09-30,2012-11-02,41050000000.0,,3920000000.0,,16160000000.0,7193000000.0,0.09549330085261876,,8967000000.0
BRK.B,BERKSHIRE HATHAWAY INC,1067983,0001193125-13-087679,10-K,2012.0,FY,2012-12-31,2013-03-01,162463000000.0,,14824000000.0,,20950000000.0,9775000000.0,0.09124539125831728,,11175000000.0
BRK.B,BERKSHIRE HATHAWAY INC,1067983,0001193125-13-199397,10-Q,2013.0,Q1,2013-03-31,2013-05-03,43867000000.0,,4892000000.0,,6055000000.0,2207000000.0,0.1115189094307794,,3848000000.0
BRK.B,BERKSHIRE HATHAWAY INC,1067983,0001193125-13-317399,10-Q,2013.0,Q2,2013-06-30,2013-08-02,44693000000.0,,4541000000.0,,12911000000.0,4758000000.0,0.10160427807486631,,8153000000.0
BRK.B,BERKSHIRE HATHAWAY INC,1067983,0001193125-13-423169,10-Q,2013.0,Q3,2013-09-30,2013-11-01,46541000000.0,,5053000000.0,,20737000000.0,7727000000.0,0.10857093745299844,,13010000000.0
BRK.B,BERKSHIRE HATHAWAY INC,1067983,0001193125-14-078778,10-K,2013.0,FY,2013-12-31,2014-03-03,182150000000.0,,19476000000.0,,27704000000.0,11087000000.0,0.1069228657699698,,16617000000.0
BRK.B,BERKSHIRE HATHAWAY INC,1067983,0001193125-14-180321,10-Q,2014.0,Q1,2014-03-31,2014-05-02,45453000000.0,,4705000000.0,,4928000000.0,2794000000.0,0.10351351945966163,,2134000000.0
BRK.B,BERKSHIRE HATHAWAY INC,1067983,0001193125-14-291724,10-Q,2014.0,Q2,2014-06-30,2014-08-01,49762000000.0,,6395000000.0,,11833000000.0,6093000000.0,0.12851171576705117,,5740000000.0
BRK.B,BERKSHIRE HATHAWAY INC,1067983,0001193125-14-403605,10-Q,2014.0,Q3,2014-09-30,2014-11-07,51199000000.0,,4617000000.0,,24157000000.0,10172000000.0,0.09017754253012754,,13985000000.0
BRK.B,BERKSHIRE HATHAWAY INC,1067983,0001193125-15-070966,10-K,2014.0,FY,2014-12-31,2015-03-02,194673000000.0,,19872000000.0,,32010000000.0,15185000000.0,0.10207887072167172,,16825000000.0
BRK.B,BERKSHIRE HATHAWAY INC,1067983,0001193125-15-166595,10-Q,2015.0,Q1,2015-03-31,2015-05-01,48644000000.0,,5164000000.0,,5963000000.0,3447000000.0,0.10615903297426199,,2516000000.0
BRK.B,BERKSHIRE HATHAWAY INC,1067983,0001193125-15-283231,10-Q,2015.0,Q2,2015-06-30,2015-08-07,51368000000.0,,4013000000.0,,13943000000.0,6836000000.0,0.07812256657841457,,7107000000.0
BRK.B,BERKSHIRE HATHAWAY INC,1067983,0001193125-15-370187,10-Q,2015.0,Q3,2015-09-30,2015-11-06,58989000000.0,,9428000000.0,,24155000000.0,11803000000.0,0.15982640831341435,,12352000000.0
BRK.B,BERKSHIRE HATHAWAY INC,1067983,0001193125-16-483023,10-K,2015.0,FY,2015-12-31,2016-02-29,210821000000.0,,24083000000.0,,31491000000.0,16082000000.0,0.11423435046793251,,15409000000.0
BRK.B,BERKSHIRE HATHAWAY INC,1067983,0001193125-16-582004,10-Q,2016.0,Q1,2016-03-31,2016-05-06,52403000000.0,,5589000000.0,,7481000000.0,2843000000.0,0.10665419918706945,,4638000000.0
BRK.B,BERKSHIRE HATHAWAY INC,1067983,0001193125-16-673492,10-Q,2016.0,Q2,2016-06-30,2016-08-05,54460000000.0,,5001000000.0,,15311000000.0,6144000000.0,0.09182886522218142,,9167000000.0
BRK.B,BERKSHIRE HATHAWAY INC,1067983,0001193125-16-760194,10-Q,2016.0,Q3,2016-09-30,2016-11-04,59068000000.0,,7198000000.0,,25171000000.0,9429000000.0,0.12185955170312182,,15742000000.0
BRK.B,BERKSHIRE HATHAWAY INC,1067983,0001193125-17-056969,10-K,2016.0,FY,2016-12-31,2017-02-27,223604000000.0,,24074000000.0,,32535000000.0,12954000000.0,0.10766354805817427,,19581000000.0
BRK.B,BERKSHIRE HATHAWAY INC,1067983,0001193125-17-160889,10-Q,2017.0,Q1,2017-03-31,2017-05-05,65187000000.0,,4060000000.0,,18305000000.0,2355000000.0,0.062282356911654166,,15950000000.0
BRK.B,BERKSHIRE HATHAWAY INC,1067983,0001193125-17-248832,10-Q,2017.0,Q2,2017-06-30,2017-08-04,57518000000.0,,4262000000.0,,26627000000.0,5149000000.0,0.07409854306477973,,21478000000.0
BRK.B,BERKSHIRE HATHAWAY INC,1067983,0001193125-17-332829,10-Q,2017.0,Q3,2017-09-30,2017-11-03,60525000000.0,,4067000000.0,,37497000000.0,8411000000.0,0.06719537381247419,,29086000000.0
BRK.B,BERKSHIRE HATHAWAY INC,1067983,0001193125-18-057033,10-K,2017.0,FY,2017-12-31,2018-02-26,242137000000.0,,44940000000.0,,45776000000.0,11708000000.0,0.18559740973085484,,34068000000.0
BRK.B,BERKSHIRE HATHAWAY INC,1067983,0001193125-18-153460,10-Q,2018.0,Q1,2018-03-31,2018-05-07,41509000000.0,,-1138000000.0,,7556000000.0,2589000000.0,-0.027415741164566722,,4967000000.0
BRK.B,BERKSHIRE HATHAWAY INC,1067983,0001193125-18-238892,10-Q,2018.0,Q2,2018-06-30,2018-08-06,62200000000.0,,12011000000.0,,16091000000.0,6329000000.0,0.19310289389067525,,9762000000.0
BRK.B,BERKSHIRE HATHAWAY INC,1067983,0001193125-18-317734,10-Q,2018.0,Q3,2018-09-30,2018-11-05,45427000000.0,,18540000000.0,,26555000000.0,10040000000.0,0.4081273251590464,,16515000000.0
BRK.B,BERKSHIRE HATHAWAY INC,1067983,0001193125-19-048926,10-K,2018.0,FY,2018-12-31,2019-02-25,175445000000.0,,4021000000.0,,37400000000.0,14537000000.0,0.022918863461483654,,22863000000.0
BRK.B,BERKSHIRE HATHAWAY INC,1067983,0001193125-19-137433,10-Q,2019.0,Q1,2019-03-31,2019-05-06,42392000000.0,,21661000000.0,,7577000000.0,3151000000.0,0.5109690507642951,,4426000000.0
BRK.B,BERKSHIRE HATHAWAY INC,1067983,0001564590-19-028491,10-Q,2019.0,Q2,2019-06-30,2019-08-05,44460000000.0,,14073000000.0,,16762000000.0,6747000000.0,0.31653171390013496,,10015000000.0
BRK.B,BERKSHIRE HATHAWAY INC,1067983,0000950123-19-009995,10-Q,2019.0,Q3,2019-09-30,2019-11-04,45169000000.0,,16524000000.0,,26610000000.0,11139000000.0,0.365826119683854,,15471000000.0
BRK.B,BERKSHIRE HATHAWAY INC,1067983,0001564590-20-005874,10-K,2019.0,FY,2019-12-31,2020-02-24,176512000000.0,,81417000000.0,,38687000000.0,15979000000.0,0.46125475888324874,,22708000000.0
BRK.B,BERKSHIRE HATHAWAY INC,1067983,0001564590-20-020599,10-Q,2020.0,Q1,2020-03-31,2020-05-04,41452000000.0,,-49746000000.0,,6798000000.0,2968000000.0,-1.2000868474380006,,3830000000.0
BRK.B,BERKSHIRE HATHAWAY INC,1067983,0001564590-20-038544,10-Q,2020.0,Q2,2020-06-30,2020-08-10,37378000000.0,,26295000000.0,,17466000000.0,6187000000.0,0.7034886831826208,,11279000000.0
BRK.B,BERKSHIRE HATHAWAY INC,1067983,0001564590-20-052144,10-Q,2020.0,Q3,2020-09-30,2020-11-09,43494000000.0,,30137000000.0,,29227000000.0,9516000000.0,0.6929001701384099,,19711000000.0
BRK.B,BERKSHIRE HATHAWAY INC,1067983,0001564590-21-009611,10-K,2020.0,FY,2020-12-31,2021-03-01,166733000000.0,,42521000000.0,,39773000000.0,13012000000.0,0.25502450024890094,,26761000000.0
BRK.B,BERKSHIRE HATHAWAY INC,1067983,0001564590-21-022703,10-Q,2021.0,Q1,2021-03-31,2021-05-03,44623000000.0,,11711000000.0,,9306000000.0,2519000000.0,0.26244313470631736,,6787000000.0
BRK.B,BERKSHIRE HATHAWAY INC,1067983,0001564590-21-042312,10-Q,2021.0,Q2,2021-06-30,2021-08-09,48110000000.0,,28094000000.0,,19559000000.0,5663000000.0,0.5839534400332571,,13896000000.0
BRK.B,BERKSHIRE HATHAWAY INC,1067983,0001564590-21-055032,10-Q,2021.0,Q3,2021-09-30,2021-11-08,49014000000.0,,10344000000.0,,31626000000.0,9244000000.0,0.21104174317541927,,22382000000.0
BRK.B,BERKSHIRE HATHAWAY INC,1067983,0001564590-22-007322,10-K,2021.0,FY,2021-12-31,2022-02-28,276094000000.0,,89795000000.0,,39421000000.0,13276000000.0,0.32523343498953255,,26145000000.0
BRK.B,BERKSHIRE HATHAWAY INC,1067983,0001564590-22-016907,10-Q,2022.0,Q1,2022-03-31,2022-05-02,70810000000.0,,5460000000.0,,6829000000.0,3090000000.0,0.07710775314221155,,3739000000.0
BRK.B,BERKSHIRE HATHAWAY INC,1067983,0001564590-22-028282,10-Q,2022.0,Q2,2022-06-30,2022-08-08,76180000000.0,,-43755000000.0,,15361000000.0,6833000000.0,-0.5743633499606196,,8528000000.0
BRK.B,BERKSHIRE HATHAWAY INC,1067983,0000950170-22-022287,10-Q,2022.0,Q3,2022-09-30,2022-11-07,76934000000.0,,-2688000000.0,,27023000000.0,10907000000.0,-0.034939038656510775,,16116000000.0
BRK.B,BERKSHIRE HATHAWAY INC,1067983,0000950170-23-004451,10-K,2022.0,FY,2022-12-31,2023-02-27,302089000000.0,,-22819000000.0,,37224000000.0,15464000000.0,-0.07553734164434985,,21760000000.0
BRK.B,BERKSHIRE HATHAWAY INC,1067983,0000950170-23-018438,10-Q,2023.0,Q1,2023-03-31,2023-05-08,85393000000.0,,35504000000.0,,8693000000.0,3713000000.0,0.41577178457250596,,4980000000.0
BRK.B,BERKSHIRE HATHAWAY INC,1067983,0000950170-23-038705,10-Q,2023.0,Q2,2023-06-30,2023-08-07,92503000000.0,,35912000000.0,,21127000000.0,8398000000.0,0.3882252467487541,,12729000000.0
BRK.B,BERKSHIRE HATHAWAY INC,1067983,0000950170-23-058993,10-Q,2023.0,Q3,2023-09-30,2023-11-06,93210000000.0,,-12767000000.0,,34796000000.0,13701000000.0,-0.1369702821585667,,21095000000.0
BRK.B,BERKSHIRE HATHAWAY INC,1067983,0000950170-24-019719,10-K,2023.0,FY,2023-12-31,2024-02-26,364482000000.0,,96223000000.0,,49196000000.0,19409000000.0,0.2639993195823113,,29787000000.0
BRK.B,BERKSHIRE HATHAWAY INC,1067983,0000950170-24-053185,10-Q,2024.0,Q1,2024-03-31,2024-05-06,89869000000.0,,12702000000.0,,10566000000.0,4393000000.0,0.1413390601876064,,6173000000.0
BRK.B,BERKSHIRE HATHAWAY INC,1067983,0000950170-24-090305,10-Q,2024.0,Q2,2024-06-30,2024-08-05,93653000000.0,,30348000000.0,,24168000000.0,8928000000.0,0.3240472809199919,,15240000000.0
BRK.B,BERKSHIRE HATHAWAY INC,1067983,0000950170-24-120241,10-Q,2024.0,Q3,2024-09-30,2024-11-04,92995000000.0,,26251000000.0,,25971000000.0,13629000000.0,0.28228399376310553,,12342000000.0
BRK.B,BERKSHIRE HATHAWAY INC,1067983,0000950170-25-025210,10-K,2024.0,FY,2024-12-31,2025-02-24,371433000000.0,,88995000000.0,,30592000000.0,18976000000.0,0.23959906631882466,,11616000000.0
BRK.B,BERKSHIRE HATHAWAY INC,1067983,0000950170-25-063112,10-Q,2025.0,Q1,2025-03-31,2025-05-05,89725000000.0,,4603000000.0,,10903000000.0,4281000000.0,0.05130119810532182,,6622000000.0
GOOGL,ALPHABET INC,1652044,0001652044-15-000005,10-Q,2015.0,Q3,2015-09-30,2015-10-29,18675000000.0,4708000000.0,3979000000.0,22.92,19609000000.0,7815000000.0,0.21306559571619813,0.2521017402945114,11794000000.0
GOOGL,ALPHABET INC,1652044,0001652044-16-000012,10-K,2015.0,FY,2015-12-31,2016-02-11,74989000000.0,19360000000.0,16348000000.0,92.86,26024000000.0,9915000000.0,0.21800530744509194,0.25817119844243824,16109000000.0
GOOGL,ALPHABET INC,1652044,0001652044-16-000021,10-Q,2016.0,Q1,2016-03-31,2016-05-03,20257000000.0,5342000000.0,4207000000.0,24.08,7658000000.0,2428000000.0,0.2076812953546922,0.2637113096707311,5230000000.0
GOOGL,ALPHABET INC,1652044,0001652044-16-000032,10-Q,2016.0,Q2,2016-06-30,2016-08-04,21500000000.0,5968000000.0,4877000000.0,28.0,16778000000.0,2123000000.0,0.2268372093023256,0.2775813953488372,14655000000.0
GOOGL,ALPHABET INC,1652044,0001652044-16-000038,10-Q,2016.0,Q3,2016-09-30,2016-11-03,22451000000.0,5767000000.0,5061000000.0,29.0,26623000000.0,2554000000.0,0.22542425727139104,0.2568705180170148,24069000000.0
GOOGL,ALPHABET INC,1652044,0001652044-17-000008,10-K,2016.0,FY,2016-12-31,2017-02-03,90272000000.0,23716000000.0,19478000000.0,111.4,36036000000.0,10212000000.0,0.2157701169797944,0.26271712158808935,25824000000.0
GOOGL,ALPHABET INC,1652044,0001652044-17-000014,10-Q,2017.0,Q1,2017-03-31,2017-05-02,24750000000.0,6568000000.0,5426000000.0,7.73,9548000000.0,2508000000.0,0.21923232323232322,0.2653737373737374,7040000000.0
GOOGL,ALPHABET INC,1652044,0001652044-17-000026,10-Q,2017.0,Q2,2017-06-30,2017-07-25,26010000000.0,4132000000.0,3524000000.0,5.01,16951000000.0,2831000000.0,0.13548635140330642,0.15886197616301423,14120000000.0
GOOGL,ALPHABET INC,1652044,0001652044-17-000042,10-Q,2017.0,Q3,2017-09-30,2017-10-27,27772000000.0,7782000000.0,6732000000.0,9.57,26823000000.0,3538000000.0,0.2424024197032983,0.28021028373901774,23285000000.0
GOOGL,ALPHABET INC,1652044,0001652044-18-000007,10-K,2017.0,FY,2017-12-31,2018-02-06,110855000000.0,26146000000.0,12662000000.0,72.0,37091000000.0,13184000000.0,0.11422128005051645,0.2358576518876009,23907000000.0
GOOGL,ALPHABET INC,1652044,0001652044-18-000016,10-Q,2018.0,Q1,2018-03-31,2018-04-24,31146000000.0,7001000000.0,9401000000.0,13.33,11642000000.0,7299000000.0,0.30183651191164196,0.2247800680665254,4343000000.0
GOOGL,ALPHABET INC,1652044,0001652044-18-000027,10-Q,2018.0,Q2,2018-06-30,2018-07-24,32657000000.0,2807000000.0,3195000000.0,4.54,21774000000.0,5477000000.0,0.09783507364424167,0.08595400679793,16297000000.0
GOOGL,ALPHABET INC,1652044,0001652044-18-000035,10-Q,2018.0,Q3,2018-09-30,2018-10-26,33740000000.0,8310000000.0,9192000000.0,13.06,34984000000.0,5282000000.0,0.2724362774155305,0.24629519857735627,29702000000.0
GOOGL,ALPHABET INC,1652044,0001652044-19-000004,10-K,2018.0,FY,2018-12-31,2019-02-05,136819000000.0,26321000000.0,30736000000.0,43.7,47971000000.0,25139000000.0,0.22464716157843576,0.19237825155862856,22832000000.0
GOOGL,ALPHABET INC,1652044,0001652044-19-000015,10-Q,2019.0,Q1,2019-03-31,2019-04-30,36339000000.0,6608000000.0,6657000000.0,9.5,12000000000.0,4638000000.0,0.18319161231734502,0.18184319876716476,7362000000.0
GOOGL,ALPHABET INC,1652044,0001652044-19-000023,10-Q,2019.0,Q2,2019-06-30,2019-07-26,38944000000.0,9180000000.0,9947000000.0,14.21,24627000000.0,6126000000.0,0.2554180361544782,0.23572308956450289,18501000000.0
GOOGL,ALPHABET INC,1652044,0001652044-19-000032,10-Q,2019.0,Q3,2019-09-30,2019-10-29,40499000000.0,9177000000.0,7068000000.0,10.12,40093000000.0,6732000000.0,0.17452282772414135,0.2265981876095706,33361000000.0
GOOGL,ALPHABET INC,1652044,0001652044-20-000008,10-K,2019.0,FY,2019-12-31,2020-02-04,161857000000.0,34231000000.0,34343000000.0,49.16,54520000000.0,23548000000.0,0.2121811228430034,0.2114891540063142,30972000000.0
GOOGL,ALPHABET INC,1652044,0001652044-20-000021,10-Q,2020.0,Q1,2020-03-31,2020-04-29,41159000000.0,7977000000.0,6836000000.0,9.87,11451000000.0,6005000000.0,0.16608761145800433,0.1938093734055735,5446000000.0
GOOGL,ALPHABET INC,1652044,0001652044-20-000032,10-Q,2020.0,Q2,2020-06-30,2020-07-31,38297000000.0,6383000000.0,6959000000.0,10.13,25444000000.0,5391000000.0,0.1817113612032274,0.1666710186176463,20053000000.0
GOOGL,ALPHABET INC,1652044,0001652044-20-000050,10-Q,2020.0,Q3,2020-09-30,2020-10-30,46173000000.0,11213000000.0,11247000000.0,16.4,42447000000.0,5406000000.0,0.24358391267623936,0.24284755159941956,37041000000.0
GOOGL,ALPHABET INC,1652044,0001652044-21-000010,10-K,2020.0,FY,2020-12-31,2021-02-03,182527000000.0,41224000000.0,40269000000.0,58.61,65124000000.0,22281000000.0,0.22061941520980458,0.22585151785763202,42843000000.0
GOOGL,ALPHABET INC,1652044,0001652044-21-000020,10-Q,2021.0,Q1,2021-03-31,2021-04-28,55314000000.0,16437000000.0,17930000000.0,26.29,19289000000.0,5942000000.0,0.32414940159814876,0.2971580431717106,13347000000.0
GOOGL,ALPHABET INC,1652044,0001652044-21-000047,10-Q,2021.0,Q2,2021-06-30,2021-07-28,61880000000.0,19361000000.0,18525000000.0,27.26,41179000000.0,11438000000.0,0.29936974789915966,0.312879767291532,29741000000.0
GOOGL,ALPHABET INC,1652044,0001652044-21-000057,10-Q,2021.0,Q3,2021-09-30,2021-10-27,65118000000.0,21031000000.0,18936000000.0,27.99,66718000000.0,18257000000.0,0.290795171841887,0.3229675358579809,48461000000.0
GOOGL,ALPHABET INC,1652044,0001652044-22-000019,10-K,2021.0,FY,2021-12-31,2022-02-02,257637000000.0,78714000000.0,76033000000.0,112.2,91652000000.0,24640000000.0,0.2951167728237792,0.3055228868524319,67012000000.0
GOOGL,ALPHABET INC,1652044,0001652044-22-000029,10-Q,2022.0,Q1,2022-03-31,2022-04-27,68011000000.0,20094000000.0,16436000000.0,24.62,25106000000.0,9786000000.0,0.24166678919586537,0.2954522062607519,15320000000.0
GOOGL,ALPHABET INC,1652044,0001652044-22-000071,10-Q,2022.0,Q2,2022-06-30,2022-07-27,69685000000.0,19453000000.0,16002000000.0,1.21,44528000000.0,16614000000.0,0.22963335007533903,0.279156202913109,27914000000.0
GOOGL,ALPHABET INC,1652044,0001652044-22-000090,10-Q,2022.0,Q3,2022-09-30,2022-10-26,69092000000.0,17135000000.0,13910000000.0,1.06,67881000000.0,23890000000.0,0.20132576854049672,0.24800266311584554,43991000000.0
GOOGL,ALPHABET INC,1652044,0001652044-23-000016,10-K,2022.0,FY,2022-12-31,2023-02-03,282836000000.0,74842000000.0,59972000000.0,4.56,91495000000.0,31485000000.0,0.2120380715326196,0.2646127084246701,60010000000.0
GOOGL,ALPHABET INC,1652044,0001652044-23-000045,10-Q,2023.0,Q1,2023-03-31,2023-04-26,69787000000.0,17415000000.0,15051000000.0,1.17,23509000000.0,6289000000.0,0.21567054035851949,0.24954504420594092,17220000000.0
GOOGL,ALPHABET INC,1652044,0001652044-23-000070,10-Q,2023.0,Q2,2023-06-30,2023-07-26,74604000000.0,21838000000.0,18368000000.0,1.44,52175000000.0,13177000000.0,0.2462066377137955,0.2927188890676103,38998000000.0
GOOGL,ALPHABET INC,1652044,0001652044-23-000094,10-Q,2023.0,Q3,2023-09-30,2023-10-25,76693000000.0,21343000000.0,19689000000.0,1.55,82831000000.0,21232000000.0,0.25672486406842865,0.27829136948613303,61599000000.0
GOOGL,ALPHABET INC,1652044,0001652044-24-000022,10-K,2023.0,FY,2023-12-31,2024-01-31,307394000000.0,84293000000.0,73795000000.0,5.8,101746000000.0,32251000000.0,0.24006649446638517,0.27421810445226646,69495000000.0
GOOGL,ALPHABET INC,1652044,0001652044-24-000053,10-Q,2024.0,Q1,2024-03-31,2024-04-26,80539000000.0,25472000000.0,23662000000.0,1.89,28848000000.0,12012000000.0,0.2937955524652653,0.3162691366915407,16836000000.0
GOOGL,ALPHABET INC,1652044,0001652044-24-000079,10-Q,2024.0,Q2,2024-06-30,2024-07-24,84742000000.0,27425000000.0,23619000000.0,1.89,55488000000.0,25198000000.0,0.2787165750159307,0.32362936914399,30290000000.0
GOOGL,ALPHABET INC,1652044,0001652044-24-000118,10-Q,2024.0,Q3,2024-09-30,2024-10-30,88268000000.0,28521000000.0,26301000000.0,2.12,86186000000.0,38259000000.0,0.2979675533602211,0.3231182308424344,47927000000.0
GOOGL,ALPHABET INC,1652044,0001652044-25-000014,10-K,2024.0,FY,2024-12-31,2025-02-05,350018000000.0,112390000000.0,100118000000.0,8.04,125299000000.0,52535000000.0,0.28603671811164,0.32109777211457696,72764000000.0
GOOGL,ALPHABET INC,1652044,0001652044-25-000043,10-Q,2025.0,Q1,2025-03-31,2025-04-25,90234000000.0,30606000000.0,34540000000.0,2.81,36150000000.0,17197000000.0,0.38278254316554733,0.3391847862224882,18953000000.0
META,"META PLATFORMS, INC.",1326801,0001193125-12-325997,10-Q,2012.0,Q2,2012-06-30,2012-07-31,1184000000.0,-743000000.0,-157000000.0,-0.08,683000000.0,866000000.0,-0.13260135135135134,-0.6275337837837838,-183000000.0
META,"META PLATFORMS, INC.",1326801,0001326801-12-000006,10-Q,2012.0,Q3,2012-09-30,2012-10-24,1262000000.0,377000000.0,-59000000.0,0.02,931000000.0,1037000000.0,-0.04675118858954041,0.2987321711568938,-106000000.0
META,"META PLATFORMS, INC.",1326801,0001326801-13-000003,10-K,2012.0,FY,2012-12-31,2013-02-01,5089000000.0,538000000.0,53000000.0,0.01,1612000000.0,1235000000.0,0.010414619768127334,0.10571821575948123,377000000.0
META,"META PLATFORMS, INC.",1326801,0001326801-13-000011,10-Q,2013.0,Q1,2013-03-31,2013-05-02,1458000000.0,373000000.0,219000000.0,0.09,719000000.0,327000000.0,0.15020576131687244,0.2558299039780521,392000000.0
META,"META PLATFORMS, INC.",1326801,0001326801-13-000019,10-Q,2013.0,Q2,2013-06-30,2013-07-25,1813000000.0,562000000.0,333000000.0,0.13,2041000000.0,595000000.0,0.1836734693877551,0.3099834528405957,1446000000.0
META,"META PLATFORMS, INC.",1326801,0001326801-13-000031,10-Q,2013.0,Q3,2013-09-30,2013-11-01,2016000000.0,736000000.0,425000000.0,0.17,2991000000.0,879000000.0,0.21081349206349206,0.36507936507936506,2112000000.0
META,"META PLATFORMS, INC.",1326801,0001326801-14-000007,10-K,2013.0,FY,2013-12-31,2014-01-31,7872000000.0,2804000000.0,1500000000.0,0.6,4222000000.0,1362000000.0,0.19054878048780488,0.3561991869918699,2860000000.0
META,"META PLATFORMS, INC.",1326801,0001326801-14-000023,10-Q,2014.0,Q1,2014-03-31,2014-04-25,2502000000.0,1075000000.0,642000000.0,0.25,1285000000.0,363000000.0,0.2565947242206235,0.42965627498001596,922000000.0
META,"META PLATFORMS, INC.",1326801,0001326801-14-000032,10-Q,2014.0,Q2,2014-06-30,2014-07-24,2910000000.0,1390000000.0,791000000.0,0.3,2626000000.0,832000000.0,0.2718213058419244,0.47766323024054985,1794000000.0
META,"META PLATFORMS, INC.",1326801,0001326801-14-000068,10-Q,2014.0,Q3,2014-09-30,2014-10-30,3203000000.0,1397000000.0,806000000.0,0.3,3874000000.0,1314000000.0,0.2516390883546675,0.43615360599438024,2560000000.0
META,"META PLATFORMS, INC.",1326801,0001326801-15-000006,10-K,2014.0,FY,2014-12-31,2015-01-29,12466000000.0,4994000000.0,2940000000.0,1.1,5457000000.0,1831000000.0,0.2358414888496711,0.40060965827049577,3626000000.0
META,"META PLATFORMS, INC.",1326801,0001326801-15-000015,10-Q,2015.0,Q1,2015-03-31,2015-04-23,3543000000.0,933000000.0,512000000.0,0.18,1700000000.0,502000000.0,0.14451030200395146,0.26333615580016934,1198000000.0
META,"META PLATFORMS, INC.",1326801,0001326801-15-000028,10-Q,2015.0,Q2,2015-06-30,2015-07-31,4042000000.0,1273000000.0,719000000.0,0.25,3580000000.0,1051000000.0,0.17788223651657595,0.3149430974764968,2529000000.0
META,"META PLATFORMS, INC.",1326801,0001326801-15-000032,10-Q,2015.0,Q3,2015-09-30,2015-11-05,4501000000.0,1459000000.0,896000000.0,0.31,5772000000.0,1831000000.0,0.19906687402799378,0.3241501888469229,3941000000.0
META,"META PLATFORMS, INC.",1326801,0001326801-16-000043,10-K,2015.0,FY,2015-12-31,2016-01-28,17928000000.0,6225000000.0,3688000000.0,1.29,8599000000.0,2523000000.0,0.20571173583221777,0.3472222222222222,6076000000.0
META,"META PLATFORMS, INC.",1326801,0001326801-16-000067,10-Q,2016.0,Q1,2016-03-31,2016-04-28,5382000000.0,2009000000.0,1510000000.0,0.52,2983000000.0,1132000000.0,0.28056484578223706,0.37328130806391674,1851000000.0
META,"META PLATFORMS, INC.",1326801,0001326801-16-000082,10-Q,2016.0,Q2,2016-06-30,2016-07-28,6436000000.0,2746000000.0,2055000000.0,0.71,6181000000.0,2127000000.0,0.31929770043505284,0.4266625233064015,4054000000.0
META,"META PLATFORMS, INC.",1326801,0001326801-16-000087,10-Q,2016.0,Q3,2016-09-30,2016-11-03,7011000000.0,3122000000.0,2379000000.0,0.82,9758000000.0,3222000000.0,0.33932391955498503,0.445300242476109,6536000000.0
META,"META PLATFORMS, INC.",1326801,0001326801-17-000007,10-K,2016.0,FY,2016-12-31,2017-02-03,27638000000.0,12427000000.0,10217000000.0,3.49,16108000000.0,4491000000.0,0.36967219046240685,0.4496345611115131,11617000000.0
META,"META PLATFORMS, INC.",1326801,0001326801-17-000024,10-Q,2017.0,Q1,2017-03-31,2017-05-04,8032000000.0,3327000000.0,3064000000.0,1.04,5058000000.0,1271000000.0,0.38147410358565736,0.41421812749003983,3787000000.0
META,"META PLATFORMS, INC.",1326801,0001326801-17-000038,10-Q,2017.0,Q2,2017-06-30,2017-07-27,9321000000.0,4401000000.0,3894000000.0,1.32,10418000000.0,2715000000.0,0.41776633408432573,0.47215963952365625,7703000000.0
META,"META PLATFORMS, INC.",1326801,0001326801-17-000053,10-Q,2017.0,Q3,2017-09-30,2017-11-02,10328000000.0,5122000000.0,4707000000.0,1.59,16545000000.0,4470000000.0,0.4557513555383424,0.49593338497288925,12075000000.0
META,"META PLATFORMS, INC.",1326801,0001326801-18-000009,10-K,2017.0,FY,2017-12-31,2018-02-01,40653000000.0,20203000000.0,15934000000.0,5.39,24216000000.0,6733000000.0,0.39195139350109465,0.4969620938184144,17483000000.0
META,"META PLATFORMS, INC.",1326801,0001326801-18-000032,10-Q,2018.0,Q1,2018-03-31,2018-04-26,11966000000.0,5449000000.0,4988000000.0,1.69,7860000000.0,2812000000.0,0.4168477352498746,0.45537355841551064,5048000000.0
META,"META PLATFORMS, INC.",1326801,0001326801-18-000057,10-Q,2018.0,Q2,2018-06-30,2018-07-26,13231000000.0,5863000000.0,5106000000.0,1.74,14158000000.0,6272000000.0,0.3859118736301111,0.4431259919885118,7886000000.0
META,"META PLATFORMS, INC.",1326801,0001326801-18-000067,10-Q,2018.0,Q3,2018-09-30,2018-10-31,13727000000.0,5781000000.0,5137000000.0,1.76,21656000000.0,9614000000.0,0.3742259779995629,0.42114081736723247,12042000000.0
META,"META PLATFORMS, INC.",1326801,0001326801-19-000009,10-K,2018.0,FY,2018-12-31,2019-01-31,55838000000.0,24913000000.0,22112000000.0,7.57,29274000000.0,13915000000.0,0.39600272216053584,0.4461656936136681,15359000000.0
META,"META PLATFORMS, INC.",1326801,0001326801-19-000037,10-Q,2019.0,Q1,2019-03-31,2019-04-25,15077000000.0,3317000000.0,2429000000.0,0.85,9308000000.0,3837000000.0,0.16110632088611793,0.2200039795715328,5471000000.0
META,"META PLATFORMS, INC.",1326801,0001326801-19-000055,10-Q,2019.0,Q2,2019-06-30,2019-07-25,16886000000.0,4626000000.0,2616000000.0,0.91,17924000000.0,7470000000.0,0.15492123652730072,0.27395475541869,10454000000.0
META,"META PLATFORMS, INC.",1326801,0001326801-19-000069,10-Q,2019.0,Q3,2019-09-30,2019-10-31,17652000000.0,7185000000.0,6091000000.0,2.12,27231000000.0,11002000000.0,0.3450600498527079,0.40703602991162474,16229000000.0
META,"META PLATFORMS, INC.",1326801,0001326801-20-000013,10-K,2019.0,FY,2019-12-31,2020-01-30,70697000000.0,23986000000.0,18485000000.0,6.43,36314000000.0,15102000000.0,0.2614679547929898,0.3392788944368219,21212000000.0
META,"META PLATFORMS, INC.",1326801,0001326801-20-000048,10-Q,2020.0,Q1,2020-03-31,2020-04-30,17737000000.0,5893000000.0,4902000000.0,1.71,11001000000.0,3558000000.0,0.27637142696059086,0.3322433331454023,7443000000.0
META,"META PLATFORMS, INC.",1326801,0001326801-20-000076,10-Q,2020.0,Q2,2020-06-30,2020-07-31,18687000000.0,5963000000.0,5178000000.0,1.8,14878000000.0,6813000000.0,0.2770910258468454,0.3190988387649168,8065000000.0
META,"META PLATFORMS, INC.",1326801,0001326801-20-000084,10-Q,2020.0,Q3,2020-09-30,2020-10-30,21470000000.0,8040000000.0,7846000000.0,2.71,24707000000.0,10502000000.0,0.3654401490451793,0.37447601304145317,14205000000.0
META,"META PLATFORMS, INC.",1326801,0001326801-21-000014,10-K,2020.0,FY,2020-12-31,2021-01-28,85965000000.0,32671000000.0,29146000000.0,10.09,38747000000.0,15115000000.0,0.3390449601582039,0.3800500203571221,23632000000.0
META,"META PLATFORMS, INC.",1326801,0001326801-21-000033,10-Q,2021.0,Q1,2021-03-31,2021-04-29,26171000000.0,11378000000.0,9497000000.0,3.3,12242000000.0,4272000000.0,0.3628825799549119,0.43475602766420846,7970000000.0
META,"META PLATFORMS, INC.",1326801,0001326801-21-000049,10-Q,2021.0,Q2,2021-06-30,2021-07-29,29077000000.0,12367000000.0,10394000000.0,3.61,25489000000.0,8884000000.0,0.35746466279189737,0.42531898063761736,16605000000.0
META,"META PLATFORMS, INC.",1326801,0001326801-21-000065,10-Q,2021.0,Q3,2021-09-30,2021-10-26,29010000000.0,10423000000.0,9194000000.0,3.22,39579000000.0,13198000000.0,0.31692519820751464,0.35928990003447087,26381000000.0
META,"META PLATFORMS, INC.",1326801,0001326801-22-000018,10-K,2021.0,FY,2021-12-31,2022-02-03,117929000000.0,46753000000.0,39370000000.0,13.77,57683000000.0,18567000000.0,0.3338449405998525,0.39645040660058173,39116000000.0
META,"META PLATFORMS, INC.",1326801,0001326801-22-000057,10-Q,2022.0,Q1,2022-03-31,2022-04-28,27908000000.0,8524000000.0,7465000000.0,2.72,14076000000.0,5441000000.0,0.26748602551239786,0.30543213415508097,8635000000.0
META,"META PLATFORMS, INC.",1326801,0001326801-22-000082,10-Q,2022.0,Q2,2022-06-30,2022-07-28,28822000000.0,8358000000.0,6687000000.0,2.46,26272000000.0,13013000000.0,0.2320102699326903,0.2899868156269516,13259000000.0
META,"META PLATFORMS, INC.",1326801,0001326801-22-000108,10-Q,2022.0,Q3,2022-09-30,2022-10-27,27714000000.0,5664000000.0,4395000000.0,1.64,35964000000.0,22388000000.0,0.15858410911452694,0.204373240961247,13576000000.0
META,"META PLATFORMS, INC.",1326801,0001326801-23-000013,10-K,2022.0,FY,2022-12-31,2023-02-02,116609000000.0,28944000000.0,23200000000.0,8.59,50475000000.0,31431000000.0,0.19895548371051977,0.24821411726367604,19044000000.0
META,"META PLATFORMS, INC.",1326801,0001326801-23-000067,10-Q,2023.0,Q1,2023-03-31,2023-04-27,28645000000.0,7227000000.0,5709000000.0,2.2,13998000000.0,6842000000.0,0.1993017978704835,0.2522953395007855,7156000000.0
META,"META PLATFORMS, INC.",1326801,0001326801-23-000093,10-Q,2023.0,Q2,2023-06-30,2023-07-27,31999000000.0,9392000000.0,7788000000.0,2.98,31307000000.0,13058000000.0,0.24338260570642833,0.29350917216163,18249000000.0
META,"META PLATFORMS, INC.",1326801,0001326801-23-000103,10-Q,2023.0,Q3,2023-09-30,2023-10-26,34146000000.0,13748000000.0,11583000000.0,4.39,51709000000.0,19601000000.0,0.33921982076963625,0.4026240262402624,32108000000.0
META,"META PLATFORMS, INC.",1326801,0001326801-24-000012,10-K,2023.0,FY,2023-12-31,2024-02-02,134902000000.0,46751000000.0,39098000000.0,14.87,71113000000.0,27266000000.0,0.28982520644616094,0.3465552771641636,43847000000.0
META,"META PLATFORMS, INC.",1326801,0001326801-24-000049,10-Q,2024.0,Q1,2024-03-31,2024-04-25,36455000000.0,13818000000.0,12369000000.0,4.71,19246000000.0,6400000000.0,0.33929502125908656,0.3790426553284872,12846000000.0
META,"META PLATFORMS, INC.",1326801,0001326801-24-000069,10-Q,2024.0,Q2,2024-06-30,2024-08-01,39071000000.0,14847000000.0,13465000000.0,5.16,38616000000.0,14573000000.0,0.34462900872770086,0.38000051188861306,24043000000.0
META,"META PLATFORMS, INC.",1326801,0001326801-24-000081,10-Q,2024.0,Q3,2024-09-30,2024-10-31,40589000000.0,17350000000.0,15688000000.0,6.03,63340000000.0,22831000000.0,0.3865086599817685,0.4274557146024785,40509000000.0
META,"META PLATFORMS, INC.",1326801,0001326801-25-000017,10-K,2024.0,FY,2024-12-31,2025-01-30,164501000000.0,69380000000.0,62360000000.0,23.86,91328000000.0,37256000000.0,0.3790858414234564,0.42176035404040096,54072000000.0
META,"META PLATFORMS, INC.",1326801,0001326801-25-000054,10-Q,2025.0,Q1,2025-03-31,2025-05-01,42314000000.0,17555000000.0,16644000000.0,6.43,24026000000.0,12941000000.0,0.39334499220116276,0.414874509618566,11085000000.0
MSFT,MICROSOFT CORP,789019,0001193125-09-212454,10-Q,2010.0,Q1,2009-09-30,2009-10-23,12920000000.0,4482000000.0,3574000000.0,0.4,6107000000.0,435000000.0,0.27662538699690403,0.34690402476780186,5672000000.0
MSFT,MICROSOFT CORP,789019,0001193125-10-015598,10-Q,2010.0,Q2,2009-12-31,2010-01-28,19022000000.0,8513000000.0,6662000000.0,0.74,4969000000.0,376000000.0,0.3502260540426874,0.4475344338134791,4593000000.0
MSFT,MICROSOFT CORP,789019,0001193125-10-090116,10-Q,2010.0,Q3,2010-03-31,2010-04-22,14503000000.0,5173000000.0,4006000000.0,0.45,7393000000.0,408000000.0,0.27621871336964765,0.3566848238295525,6985000000.0
MSFT,MICROSOFT CORP,789019,0001193125-10-171791,10-K,2010.0,FY,2010-06-30,2010-07-30,62484000000.0,24098000000.0,18760000000.0,2.1,24073000000.0,1977000000.0,0.3002368606363229,0.38566673068305485,22096000000.0
MSFT,MICROSOFT CORP,789019,0001193125-10-239825,10-Q,2011.0,Q1,2010-09-30,2010-10-28,16195000000.0,7116000000.0,5410000000.0,0.62,8194000000.0,564000000.0,0.3340537202840383,0.43939487496140783,7630000000.0
MSFT,MICROSOFT CORP,789019,0001193125-11-015947,10-Q,2011.0,Q2,2010-12-31,2011-01-27,19953000000.0,8165000000.0,6634000000.0,0.77,4186000000.0,491000000.0,0.33248133112815115,0.4092116473713226,3695000000.0
MSFT,MICROSOFT CORP,789019,0001193125-11-115186,10-Q,2011.0,Q3,2011-03-31,2011-04-28,16428000000.0,5709000000.0,5232000000.0,0.61,8672000000.0,658000000.0,0.31848064280496713,0.3475164353542732,8014000000.0
MSFT,MICROSOFT CORP,789019,0001193125-11-200680,10-K,2011.0,FY,2011-06-30,2011-07-28,69943000000.0,27161000000.0,23150000000.0,2.69,26994000000.0,2355000000.0,0.3309838010951775,0.38833049769097694,24639000000.0
MSFT,MICROSOFT CORP,789019,0001193125-11-276022,10-Q,2012.0,Q1,2011-09-30,2011-10-20,17372000000.0,7203000000.0,5738000000.0,0.68,8493000000.0,436000000.0,0.33030163481464425,0.4146327423440018,8057000000.0
MSFT,MICROSOFT CORP,789019,0001193125-12-170665,10-Q,2012.0,Q3,2012-03-31,2012-04-19,17407000000.0,6374000000.0,5108000000.0,0.6,9594000000.0,749000000.0,0.2934451657379215,0.36617452748894125,8845000000.0
MSFT,MICROSOFT CORP,789019,0001193125-12-316848,10-K,2012.0,FY,2012-06-30,2012-07-26,73723000000.0,21763000000.0,16978000000.0,2.0,31626000000.0,2305000000.0,0.23029448069123612,0.2951995984970769,29321000000.0
MSFT,MICROSOFT CORP,789019,0001193125-12-427209,10-Q,2013.0,Q1,2012-09-30,2012-10-18,16008000000.0,5308000000.0,4466000000.0,0.53,8484000000.0,603000000.0,0.27898550724637683,0.331584207896052,7881000000.0
MSFT,MICROSOFT CORP,789019,0001193125-13-022207,10-Q,2013.0,Q2,2012-12-31,2013-01-24,21456000000.0,7771000000.0,6377000000.0,0.76,4780000000.0,930000000.0,0.29721290082028334,0.36218307233407904,3850000000.0
MSFT,MICROSOFT CORP,789019,0001193125-13-160748,10-Q,2013.0,Q3,2013-03-31,2013-04-18,20489000000.0,7612000000.0,6055000000.0,0.72,9666000000.0,930000000.0,0.29552442774171506,0.37151642344672753,8736000000.0
MSFT,MICROSOFT CORP,789019,0001193125-13-310206,10-K,2013.0,FY,2013-06-30,2013-07-30,77849000000.0,26764000000.0,21863000000.0,2.58,28833000000.0,4257000000.0,0.2808385464167812,0.3437937545761667,24576000000.0
MSFT,MICROSOFT CORP,789019,0001193125-13-409855,10-Q,2014.0,Q1,2013-09-30,2013-10-24,18529000000.0,6334000000.0,5244000000.0,0.62,8205000000.0,1231000000.0,0.2830158130498138,0.3418425171353014,6974000000.0
MSFT,MICROSOFT CORP,789019,0001193125-14-018634,10-Q,2014.0,Q2,2013-12-31,2014-01-23,24519000000.0,7969000000.0,6558000000.0,0.78,4413000000.0,1732000000.0,0.26746604673926344,0.32501325502671397,2681000000.0
MSFT,MICROSOFT CORP,789019,0001193125-14-157088,10-Q,2014.0,Q3,2014-03-31,2014-04-24,20403000000.0,6974000000.0,5660000000.0,0.68,10099000000.0,1192000000.0,0.2774101847767485,0.3418124785570749,8907000000.0
MSFT,MICROSOFT CORP,789019,0001193125-14-289961,10-K,2014.0,FY,2014-06-30,2014-07-31,86833000000.0,27759000000.0,22074000000.0,2.63,32231000000.0,5485000000.0,0.2542121082998399,0.3196826091462923,26746000000.0
MSFT,MICROSOFT CORP,789019,0001193125-14-380252,10-Q,2015.0,Q1,2014-09-30,2014-10-23,23201000000.0,5844000000.0,4540000000.0,0.54,8354000000.0,1282000000.0,0.19568122063704152,0.25188569458213006,7072000000.0
MSFT,MICROSOFT CORP,789019,0001193125-15-020351,10-Q,2015.0,Q2,2014-12-31,2015-01-26,26470000000.0,7776000000.0,5863000000.0,0.71,4340000000.0,1490000000.0,0.22149603324518322,0.29376652814506987,2850000000.0
MSFT,MICROSOFT CORP,789019,0001193125-15-144151,10-Q,2015.0,Q3,2015-03-31,2015-04-23,21729000000.0,6594000000.0,4985000000.0,0.61,9570000000.0,1391000000.0,0.22941690827925815,0.3034654148833356,8179000000.0
MSFT,MICROSOFT CORP,789019,0001193125-15-272806,10-K,2015.0,FY,2015-06-30,2015-07-31,93580000000.0,18161000000.0,12193000000.0,1.48,29080000000.0,5944000000.0,0.13029493481513144,0.19406924556529173,23136000000.0
MSFT,MICROSOFT CORP,789019,0001193125-15-350718,10-Q,2016.0,Q1,2015-09-30,2015-10-22,20379000000.0,5793000000.0,4620000000.0,0.57,8594000000.0,1356000000.0,0.2267039599587811,0.28426321213013395,7238000000.0
MSFT,MICROSOFT CORP,789019,0001193125-16-441821,10-Q,2016.0,Q2,2015-12-31,2016-01-28,23796000000.0,6026000000.0,4998000000.0,0.62,5598000000.0,2024000000.0,0.21003530005042864,0.253235837955959,3574000000.0
MSFT,MICROSOFT CORP,789019,0001193125-16-550254,10-Q,2016.0,Q3,2016-03-31,2016-04-21,20531000000.0,5283000000.0,3756000000.0,0.47,10367000000.0,2308000000.0,0.18294286688422387,0.2573182017437046,8059000000.0
MSFT,MICROSOFT CORP,789019,0001193125-16-662209,10-K,2016.0,FY,2016-06-30,2016-07-28,85320000000.0,20182000000.0,16798000000.0,2.1,33325000000.0,8343000000.0,0.19688232536333802,0.236544772620722,24982000000.0
MSFT,MICROSOFT CORP,789019,0001193125-16-742796,10-Q,2017.0,Q1,2016-09-30,2016-10-20,20453000000.0,5225000000.0,4690000000.0,0.6,11549000000.0,2163000000.0,0.2293062142472987,0.25546374614970907,9386000000.0
MSFT,MICROSOFT CORP,789019,0001564590-17-000654,10-Q,2017.0,Q2,2016-12-31,2017-01-26,24090000000.0,6177000000.0,5200000000.0,0.66,6293000000.0,1988000000.0,0.21585720215857201,0.2564134495641345,4305000000.0
MSFT,MICROSOFT CORP,789019,0001564590-17-007547,10-Q,2017.0,Q3,2017-03-31,2017-04-27,22090000000.0,5594000000.0,4801000000.0,0.61,10660000000.0,1695000000.0,0.21733816206428247,0.25323675871435036,8965000000.0
MSFT,MICROSOFT CORP,789019,0001564590-17-014900,10-K,2017.0,FY,2017-06-30,2017-08-02,89950000000.0,22326000000.0,21204000000.0,2.71,39507000000.0,8129000000.0,0.23573096164535853,0.24820455808782657,31378000000.0
MSFT,MICROSOFT CORP,789019,0001564590-17-020171,10-Q,2018.0,Q1,2017-09-30,2017-10-26,24538000000.0,7708000000.0,6576000000.0,0.84,12440000000.0,2132000000.0,0.2679925014263591,0.3141250305648382,10308000000.0
MSFT,MICROSOFT CORP,789019,0001564590-18-001129,10-Q,2018.0,Q2,2017-12-31,2018-01-31,28918000000.0,8679000000.0,-6302000000.0,-0.82,7875000000.0,2586000000.0,-0.2179265509371326,0.3001244899370634,5289000000.0
MSFT,MICROSOFT CORP,789019,0001564590-18-009307,10-Q,2018.0,Q3,2018-03-31,2018-04-26,26819000000.0,8292000000.0,7424000000.0,0.95,12151000000.0,2934000000.0,0.2768186733286103,0.30918378761325926,9217000000.0
MSFT,MICROSOFT CORP,789019,0001564590-18-019062,10-K,2018.0,FY,2018-06-30,2018-08-03,110360000000.0,35058000000.0,16571000000.0,2.13,43884000000.0,11632000000.0,0.1501540413193186,0.3176694454512505,32252000000.0
MSFT,MICROSOFT CORP,789019,0001564590-18-024893,10-Q,2019.0,Q1,2018-09-30,2018-10-24,29084000000.0,9955000000.0,8824000000.0,1.14,13657000000.0,3602000000.0,0.3033970568009902,0.34228441754916794,10055000000.0
MSFT,MICROSOFT CORP,789019,0001564590-19-001392,10-Q,2019.0,Q2,2018-12-31,2019-01-30,32471000000.0,10258000000.0,8420000000.0,1.08,8900000000.0,3707000000.0,0.2593083058729328,0.3159126605278556,5193000000.0
MSFT,MICROSOFT CORP,789019,0001564590-19-012709,10-Q,2019.0,Q3,2019-03-31,2019-04-24,30571000000.0,10341000000.0,8809000000.0,1.14,13520000000.0,2565000000.0,0.2881488992836348,0.3382617513329626,10955000000.0
MSFT,MICROSOFT CORP,789019,0001564590-19-027952,10-K,2019.0,FY,2019-06-30,2019-08-01,125843000000.0,42959000000.0,39240000000.0,5.06,52185000000.0,13925000000.0,0.3118171054409065,0.3413698020549415,38260000000.0
MSFT,MICROSOFT CORP,789019,0001564590-19-037549,10-Q,2020.0,Q1,2019-09-30,2019-10-23,33055000000.0,12686000000.0,10678000000.0,1.38,13818000000.0,3385000000.0,0.3230373619724701,0.38378460142187265,10433000000.0
MSFT,MICROSOFT CORP,789019,0001564590-20-002450,10-Q,2020.0,Q2,2019-12-31,2020-01-29,36906000000.0,13891000000.0,11649000000.0,1.51,10680000000.0,3545000000.0,0.3156397333766867,0.37638866309001245,7135000000.0
MSFT,MICROSOFT CORP,789019,0001564590-20-019706,10-Q,2020.0,Q3,2020-03-31,2020-04-29,35021000000.0,12975000000.0,10752000000.0,1.4,17504000000.0,3767000000.0,0.30701579052568456,0.3704919905199737,13737000000.0
MSFT,MICROSOFT CORP,789019,0001564590-20-034944,10-K,2020.0,FY,2020-06-30,2020-07-31,143015000000.0,52959000000.0,44281000000.0,5.76,60675000000.0,15441000000.0,0.3096248645247002,0.37030381428521486,45234000000.0
MSFT,MICROSOFT CORP,789019,0001564590-20-047996,10-Q,2021.0,Q1,2020-09-30,2020-10-27,37154000000.0,15876000000.0,13893000000.0,1.82,19335000000.0,4907000000.0,0.37393012865371156,0.4273025784572321,14428000000.0
MSFT,MICROSOFT CORP,789019,0001564590-21-002316,10-Q,2021.0,Q2,2020-12-31,2021-01-26,43076000000.0,17897000000.0,15463000000.0,2.03,12516000000.0,4174000000.0,0.3589701922184047,0.4154749744637385,8342000000.0
MSFT,MICROSOFT CORP,789019,0001564590-21-020891,10-Q,2021.0,Q3,2021-03-31,2021-04-27,41706000000.0,17048000000.0,15457000000.0,2.03,22179000000.0,5089000000.0,0.3706181364791637,0.4087661247782094,17090000000.0
MSFT,MICROSOFT CORP,789019,0001564590-21-039151,10-K,2021.0,FY,2021-06-30,2021-07-29,168088000000.0,69916000000.0,61271000000.0,8.05,76740000000.0,20622000000.0,0.36451739564989766,0.415948788729713,56118000000.0
MSFT,MICROSOFT CORP,789019,0001564590-21-051992,10-Q,2022.0,Q1,2021-09-30,2021-10-26,45317000000.0,20238000000.0,20505000000.0,2.71,24540000000.0,5810000000.0,0.45247920206545006,0.4465873733918838,18730000000.0
MSFT,MICROSOFT CORP,789019,0001564590-22-002324,10-Q,2022.0,Q2,2021-12-31,2022-01-25,51728000000.0,22247000000.0,18765000000.0,2.48,14480000000.0,5865000000.0,0.36276291370244357,0.4300765542839468,8615000000.0
MSFT,MICROSOFT CORP,789019,0001564590-22-015675,10-Q,2022.0,Q3,2022-03-31,2022-04-26,49360000000.0,20364000000.0,16728000000.0,2.22,25386000000.0,5340000000.0,0.33889789303079415,0.4125607779578606,20046000000.0
MSFT,MICROSOFT CORP,789019,0001564590-22-026876,10-K,2022.0,FY,2022-06-30,2022-07-28,198270000000.0,83383000000.0,72738000000.0,9.65,89035000000.0,23886000000.0,0.3668633681343622,0.4205527815604983,65149000000.0
MSFT,MICROSOFT CORP,789019,0001564590-22-035087,10-Q,2023.0,Q1,2022-09-30,2022-10-25,50122000000.0,21518000000.0,17556000000.0,2.35,23198000000.0,6283000000.0,0.3502653525398029,0.42931247755476637,16915000000.0
MSFT,MICROSOFT CORP,789019,0001564590-23-000733,10-Q,2023.0,Q2,2022-12-31,2023-01-24,52747000000.0,20399000000.0,16425000000.0,2.2,11173000000.0,6274000000.0,0.3113921170872277,0.3867328947617874,4899000000.0
MSFT,MICROSOFT CORP,789019,0000950170-23-014423,10-Q,2023.0,Q3,2023-03-31,2023-04-25,52857000000.0,22352000000.0,18299000000.0,2.45,24441000000.0,6607000000.0,0.3461982329681972,0.4228768185859962,17834000000.0
MSFT,MICROSOFT CORP,789019,0000950170-23-035122,10-K,2023.0,FY,2023-06-30,2023-07-27,211915000000.0,88523000000.0,72361000000.0,9.68,87582000000.0,28107000000.0,0.3414623787839464,0.417728806361041,59475000000.0
MSFT,MICROSOFT CORP,789019,0000950170-23-054855,10-Q,2024.0,Q1,2023-09-30,2023-10-24,56517000000.0,26895000000.0,22291000000.0,2.99,30583000000.0,9917000000.0,0.39441230072367606,0.4758745156324646,20666000000.0
MSFT,MICROSOFT CORP,789019,0000950170-24-008814,10-Q,2024.0,Q2,2023-12-31,2024-01-30,62020000000.0,27032000000.0,21870000000.0,2.93,18853000000.0,9735000000.0,0.3526281844566269,0.43585940019348596,9118000000.0
MSFT,MICROSOFT CORP,789019,0000950170-24-048288,10-Q,2024.0,Q3,2024-03-31,2024-04-25,61858000000.0,27581000000.0,21939000000.0,2.94,31917000000.0,10952000000.0,0.3546671408710272,0.4458760386692101,20965000000.0
MSFT,MICROSOFT CORP,789019,0000950170-24-087843,10-K,2024.0,FY,2024-06-30,2024-07-30,245122000000.0,109433000000.0,88136000000.0,11.8,118548000000.0,44477000000.0,0.35955972944084985,0.44644299573273716,74071000000.0
MSFT,MICROSOFT CORP,789019,0000950170-24-118967,10-Q,2025.0,Q1,2024-09-30,2024-10-30,65585000000.0,30552000000.0,24667000000.0,3.3,34180000000.0,14923000000.0,0.37610734161774795,0.4658382252039338,19257000000.0
MSFT,MICROSOFT CORP,789019,0000950170-25-010491,10-Q,2025.0,Q2,2024-12-31,2025-01-29,69632000000.0,31653000000.0,24108000000.0,3.23,22291000000.0,15804000000.0,0.34622012867647056,0.4545754825367647,6487000000.0
MSFT,MICROSOFT CORP,789019,0000950170-25-061046,10-Q,2025.0,Q3,2025-03-31,2025-04-30,70066000000.0,32000000000.0,25824000000.0,3.46,37044000000.0,16745000000.0,0.3685667798932435,0.456712242742557,20299000000.0
NVDA,NVIDIA CORP,1045810,0001045810-09-000024,10-Q,2009.0,Q2,2009-07-31,2009-08-20,776520000.0,-110107000.0,-105302000.0,-0.19,277245000.0,,-0.13560758254777727,-0.14179544635038377,
NVDA,NVIDIA CORP,1045810,0001045810-09-000036,10-Q,2009.0,Q3,2009-10-31,2009-11-19,903206000.0,107845000.0,107577000.0,0.19,418562000.0,,0.11910571896112293,0.1194024397535003,
NVDA,NVIDIA CORP,1045810,0001045810-10-000006,10-K,2010.0,FY,2010-01-31,2010-03-18,3326445000.0,-98945000.0,-67987000.0,-0.12,487807000.0,,-0.020438335820974044,-0.02974496797632307,
NVDA,NVIDIA CORP,1045810,0001045810-10-000018,10-Q,2010.0,Q2,2010-04-30,2010-05-21,1001813000.0,147393000.0,137594000.0,0.23,-5397000.0,,0.13734499352673601,0.147126260090456,
NVDA,NVIDIA CORP,1045810,0001045810-10-000029,10-Q,2010.0,Q3,2010-07-31,2010-08-30,811208000.0,-175207000.0,-140961000.0,-0.25,28947000.0,,-0.17376677744795416,-0.21598283054407746,
NVDA,NVIDIA CORP,1045810,0001045810-10-000045,10-Q,2010.0,Q3,2010-10-31,2010-12-07,843912000.0,103783000.0,84862000.0,0.15,241124000.0,,0.10055787807259525,0.12297846220932988,
NVDA,NVIDIA CORP,1045810,0001045810-11-000015,10-K,2010.0,FY,2011-01-31,2011-03-16,3543309000.0,255747000.0,253146000.0,0.43,675797000.0,,0.0714433880872371,0.07217744769084491,
NVDA,NVIDIA CORP,1045810,0001045810-11-000031,10-Q,2011.0,Q1,2011-04-30,2011-05-27,962039000.0,154862000.0,135219000.0,0.22,172200000.0,,0.14055459290111938,0.16097268405958595,
NVDA,NVIDIA CORP,1045810,0001045810-11-000046,10-Q,2011.0,Q2,2011-07-31,2011-08-25,1016517000.0,174030000.0,151573000.0,0.25,254221000.0,,0.14911014769059444,0.17120225239715617,
NVDA,NVIDIA CORP,1045810,0001045810-11-000056,10-Q,2012.0,Q3,2011-10-31,2011-11-22,1066180000.0,197090000.0,178273000.0,0.29,498638000.0,,0.16720722579676978,0.18485621564838958,
NVDA,NVIDIA CORP,1045810,0001045810-12-000013,10-K,2011.0,FY,2012-01-31,2012-03-13,3997930000.0,648299000.0,581090000.0,0.94,909156000.0,138735000.0,0.14534771744377714,0.16215866711022955,770421000.0
NVDA,NVIDIA CORP,1045810,0001045810-12-000027,10-Q,2012.0,Q1,2012-04-30,2012-05-23,924877000.0,72826000.0,60437000.0,0.1,-9208000.0,28923000.0,0.06534598654740036,0.07874128127307739,-38131000.0
NVDA,NVIDIA CORP,1045810,0001045810-12-000036,10-Q,2012.0,Q2,2012-07-31,2012-08-22,1044270000.0,139623000.0,119046000.0,0.19,191678000.0,90867000.0,0.11399925306673561,0.1337039271452785,100811000.0
NVDA,NVIDIA CORP,1045810,0001045810-12-000060,10-Q,2012.0,Q3,2012-10-31,2012-11-19,1204110000.0,252217000.0,209080000.0,0.33,373163000.0,135551000.0,0.1736386210562158,0.209463421116011,237612000.0
NVDA,NVIDIA CORP,1045810,0001045810-13-000008,10-K,2012.0,FY,2013-01-31,2013-03-12,4280159000.0,648239000.0,562536000.0,0.9,824172000.0,,0.13142876234270737,0.15145208390622872,
NVDA,NVIDIA CORP,1045810,0001045810-13-000054,10-Q,2014.0,Q1,2013-04-30,2013-05-22,954739000.0,82781000.0,77891000.0,0.13,175650000.0,65667000.0,0.08158355320145087,0.08670537183460611,109983000.0
NVDA,NVIDIA CORP,1045810,0001045810-13-000075,10-Q,2013.0,Q2,2013-07-31,2013-08-21,977238000.0,105534000.0,96448000.0,0.16,272119000.0,150653000.0,0.09869448384119324,0.10799211655707207,121466000.0
NVDA,NVIDIA CORP,1045810,0001045810-13-000109,10-Q,2013.0,Q3,2013-10-31,2013-11-19,1053967000.0,140988000.0,118734000.0,0.2,434434000.0,188812000.0,0.11265438101951959,0.13376889409250953,245622000.0
NVDA,NVIDIA CORP,1045810,0001045810-14-000030,10-K,2013.0,FY,2014-01-31,2014-03-13,4130162000.0,496227000.0,439990000.0,0.74,835146000.0,,0.10653093026375236,0.12014710318868849,
NVDA,NVIDIA CORP,1045810,0001045810-14-000085,10-Q,2014.0,Q1,2014-04-30,2014-05-21,1102787000.0,151359000.0,136516000.0,0.24,151022000.0,29068000.0,0.12379181111130255,0.13725134590814,121954000.0
NVDA,NVIDIA CORP,1045810,0001045810-14-000158,10-Q,2014.0,Q2,2014-07-31,2014-08-20,1102824000.0,163179000.0,127976000.0,0.22,247304000.0,51595000.0,0.11604390183746455,0.14796467976757852,195709000.0
NVDA,NVIDIA CORP,1045810,0001045810-14-000188,10-Q,2014.0,Q3,2014-10-31,2014-11-19,1225382000.0,213315000.0,172967000.0,0.31,462927000.0,91336000.0,0.1411535341632242,0.17408040921116844,371591000.0
NVDA,NVIDIA CORP,1045810,0001045810-15-000036,10-K,2014.0,FY,2015-01-31,2015-03-12,4681507000.0,758989000.0,630587000.0,1.12,905656000.0,,0.13469743823943872,0.16212493113862694,
NVDA,NVIDIA CORP,1045810,0001045810-15-000097,10-Q,2015.0,Q1,2015-04-30,2015-05-20,1151000000.0,176000000.0,134000000.0,0.24,246000000.0,30000000.0,0.11642050390964379,0.1529105125977411,216000000.0
NVDA,NVIDIA CORP,1045810,0001045810-15-000143,10-Q,2015.0,Q2,2015-07-31,2015-08-19,1153000000.0,76000000.0,26000000.0,0.05,409000000.0,54000000.0,0.022549869904596703,0.06591500433651344,355000000.0
NVDA,NVIDIA CORP,1045810,0001045810-15-000173,10-Q,2015.0,Q3,2015-10-31,2015-11-18,1305000000.0,245000000.0,246000000.0,0.44,664000000.0,71000000.0,0.18850574712643678,0.18773946360153257,593000000.0
NVDA,NVIDIA CORP,1045810,0001045810-16-000205,10-K,2015.0,FY,2016-01-31,2016-03-17,5010000000.0,747000000.0,614000000.0,1.08,1175000000.0,,0.12255489021956088,0.14910179640718563,
NVDA,NVIDIA CORP,1045810,0001045810-16-000275,10-Q,2016.0,Q1,2016-04-30,2016-05-25,1305000000.0,245000000.0,196000000.0,0.33,309000000.0,55000000.0,0.15019157088122606,0.18773946360153257,254000000.0
NVDA,NVIDIA CORP,1045810,0001045810-16-000300,10-Q,2016.0,Q2,2016-07-31,2016-08-23,1428000000.0,317000000.0,253000000.0,0.4,493000000.0,87000000.0,0.17717086834733894,0.22198879551820727,406000000.0
NVDA,NVIDIA CORP,1045810,0001045810-16-000353,10-Q,2016.0,Q3,2016-10-31,2016-11-22,2004000000.0,639000000.0,542000000.0,0.83,951000000.0,125000000.0,0.27045908183632733,0.3188622754491018,826000000.0
NVDA,NVIDIA CORP,1045810,0001045810-17-000027,10-K,2016.0,FY,2017-01-31,2017-03-01,6910000000.0,1934000000.0,1666000000.0,2.57,1672000000.0,,0.2410998552821997,0.27988422575976846,
NVDA,NVIDIA CORP,1045810,0001045810-17-000075,10-Q,2017.0,Q1,2017-04-30,2017-05-23,1937000000.0,554000000.0,507000000.0,0.79,282000000.0,54000000.0,0.26174496644295303,0.28600929272070214,228000000.0
NVDA,NVIDIA CORP,1045810,0001045810-17-000123,10-Q,2017.0,Q2,2017-07-31,2017-08-23,2230000000.0,688000000.0,583000000.0,0.92,987000000.0,108000000.0,0.26143497757847534,0.30852017937219733,879000000.0
NVDA,NVIDIA CORP,1045810,0001045810-17-000172,10-Q,2017.0,Q3,2017-10-31,2017-11-21,2636000000.0,895000000.0,838000000.0,1.33,2144000000.0,177000000.0,0.3179059180576631,0.33952959028831564,1967000000.0
NVDA,NVIDIA CORP,1045810,0001045810-18-000010,10-K,2017.0,FY,2018-01-31,2018-02-28,9714000000.0,3210000000.0,3047000000.0,4.82,3502000000.0,,0.3136709903232448,0.3304508956145769,
NVDA,NVIDIA CORP,1045810,0001045810-18-000080,10-Q,2018.0,Q1,2018-04-30,2018-05-22,3207000000.0,1295000000.0,1244000000.0,1.98,1445000000.0,118000000.0,0.38790146554412225,0.40380417835983784,1327000000.0
NVDA,NVIDIA CORP,1045810,0001045810-18-000114,10-Q,2018.0,Q2,2018-07-31,2018-08-16,3123000000.0,1157000000.0,1101000000.0,1.76,2358000000.0,247000000.0,0.3525456292026897,0.37047710534742234,2111000000.0
NVDA,NVIDIA CORP,1045810,0001045810-18-000150,10-Q,2019.0,Q3,2018-10-31,2018-11-15,3181000000.0,1058000000.0,1230000000.0,1.97,2845000000.0,397000000.0,0.3866708582206853,0.33259981138006917,2448000000.0
NVDA,NVIDIA CORP,1045810,0001045810-19-000023,10-K,2018.0,FY,2019-01-31,2019-02-21,11716000000.0,3804000000.0,4141000000.0,6.63,3743000000.0,,0.35344827586206895,0.3246841925571868,
NVDA,NVIDIA CORP,1045810,0001045810-19-000079,10-Q,2020.0,Q1,2019-04-30,2019-05-16,2220000000.0,358000000.0,394000000.0,0.64,720000000.0,128000000.0,0.17747747747747747,0.16126126126126125,592000000.0
NVDA,NVIDIA CORP,1045810,0001045810-19-000144,10-Q,2020.0,Q2,2019-07-31,2019-08-15,2579000000.0,571000000.0,552000000.0,0.9,1656000000.0,241000000.0,0.2140364482357503,0.22140364482357502,1415000000.0
NVDA,NVIDIA CORP,1045810,0001045810-19-000170,10-Q,2020.0,Q3,2019-10-31,2019-11-14,3014000000.0,927000000.0,899000000.0,1.45,3296000000.0,344000000.0,0.2982747179827472,0.30756469807564696,2952000000.0
NVDA,NVIDIA CORP,1045810,0001045810-20-000010,10-K,2019.0,FY,2020-01-31,2020-02-20,10918000000.0,2846000000.0,2796000000.0,4.52,4761000000.0,,0.2560908591317091,0.2606704524638212,
NVDA,NVIDIA CORP,1045810,0001045810-20-000065,10-Q,2020.0,Q1,2020-04-30,2020-05-21,3080000000.0,976000000.0,917000000.0,1.47,909000000.0,155000000.0,0.29772727272727273,0.3168831168831169,754000000.0
NVDA,NVIDIA CORP,1045810,0001045810-20-000147,10-Q,2020.0,Q2,2020-07-31,2020-08-19,3866000000.0,651000000.0,622000000.0,0.99,2476000000.0,372000000.0,0.16088980858768753,0.16839110191412313,2104000000.0
NVDA,NVIDIA CORP,1045810,0001045810-20-000189,10-Q,2021.0,Q3,2020-10-31,2020-11-18,4726000000.0,1398000000.0,1336000000.0,2.12,3755000000.0,,0.28269149386373255,0.2958104104951333,
NVDA,NVIDIA CORP,1045810,0001045810-21-000010,10-K,2020.0,FY,2021-01-31,2021-02-26,16675000000.0,4532000000.0,4332000000.0,6.9,5822000000.0,,0.25979010494752625,0.271784107946027,
NVDA,NVIDIA CORP,1045810,0001045810-21-000064,10-Q,2022.0,Q1,2021-04-30,2021-05-26,5661000000.0,1956000000.0,1912000000.0,3.03,1874000000.0,,0.33774951422010246,0.3455219925808161,
NVDA,NVIDIA CORP,1045810,0001045810-21-000131,10-Q,2022.0,Q2,2021-07-31,2021-08-20,6507000000.0,2444000000.0,2374000000.0,0.94,4556000000.0,,0.3648378669125557,0.3755955125249731,
NVDA,NVIDIA CORP,1045810,0001045810-21-000163,10-Q,2022.0,Q3,2021-10-31,2021-11-22,7103000000.0,2671000000.0,2464000000.0,0.97,6075000000.0,,0.3468956778825848,0.3760382936787273,
NVDA,NVIDIA CORP,1045810,0001045810-22-000036,10-K,2021.0,FY,2022-01-31,2022-03-18,26914000000.0,10041000000.0,9752000000.0,3.85,9108000000.0,,0.3623393029649996,0.3730772088875678,
NVDA,NVIDIA CORP,1045810,0001045810-22-000079,10-Q,2023.0,Q1,2022-04-30,2022-05-27,8288000000.0,1868000000.0,1618000000.0,0.64,1731000000.0,,0.19522200772200773,0.22538610038610038,
NVDA,NVIDIA CORP,1045810,0001045810-22-000147,10-Q,2023.0,Q2,2022-07-31,2022-08-31,6704000000.0,499000000.0,656000000.0,0.26,3001000000.0,,0.09785202863961814,0.07443317422434367,
NVDA,NVIDIA CORP,1045810,0001045810-22-000166,10-Q,2023.0,Q3,2022-10-31,2022-11-18,5931000000.0,601000000.0,680000000.0,0.27,3393000000.0,,0.114651829371101,0.10133198448828191,
NVDA,NVIDIA CORP,1045810,0001045810-23-000017,10-K,2022.0,FY,2023-01-31,2023-02-24,26974000000.0,4224000000.0,4368000000.0,1.74,5641000000.0,,0.16193371394676356,0.1565952398606065,
NVDA,NVIDIA CORP,1045810,0001045810-23-000093,10-Q,2024.0,Q1,2023-04-30,2023-05-26,7192000000.0,2140000000.0,2043000000.0,0.82,2911000000.0,,0.2840656284760845,0.2975528364849833,
NVDA,NVIDIA CORP,1045810,0001045810-23-000175,10-Q,2024.0,Q2,2023-07-31,2023-08-28,13507000000.0,6800000000.0,6188000000.0,2.48,9259000000.0,,0.45813282001924927,0.5034426593618124,
NVDA,NVIDIA CORP,1045810,0001045810-23-000227,10-Q,2024.0,Q3,2023-10-31,2023-11-21,18120000000.0,10417000000.0,9243000000.0,3.71,16591000000.0,,0.5100993377483444,0.5748896247240618,
NVDA,NVIDIA CORP,1045810,0001045810-24-000029,10-K,2023.0,FY,2024-01-31,2024-02-21,60922000000.0,32972000000.0,29760000000.0,11.93,28090000000.0,,0.4884934834706674,0.5412166376678376,
NVDA,NVIDIA CORP,1045810,0001045810-24-000124,10-Q,2025.0,Q1,2024-04-30,2024-05-29,26044000000.0,16909000000.0,14881000000.0,5.98,15345000000.0,,0.5713792044232837,0.6492474274305022,
NVDA,NVIDIA CORP,1045810,0001045810-24-000264,10-Q,2025.0,Q2,2024-07-31,2024-08-28,30040000000.0,18642000000.0,16599000000.0,0.67,29833000000.0,,0.5525632490013316,0.620572569906791,
NVDA,NVIDIA CORP,1045810,0001045810-24-000316,10-Q,2025.0,Q3,2024-10-31,2024-11-20,35082000000.0,21869000000.0,19309000000.0,0.78,47460000000.0,,0.550396214582977,0.6233681090017673,
NVDA,NVIDIA CORP,1045810,0001045810-25-000023,10-K,2024.0,FY,2025-01-31,2025-02-26,130497000000.0,81453000000.0,72880000000.0,2.94,64089000000.0,,0.5584802715771244,0.6241752683969747,
NVDA,NVIDIA CORP,1045810,0001045810-25-000116,10-Q,2026.0,Q1,2025-04-30,2025-05-28,44062000000.0,21638000000.0,18775000000.0,0.76,27414000000.0,,0.4261041260042667,0.49108074985248057,
TSLA,"TESLA, INC.",1318605,0001193125-11-221497,10-Q,2011.0,Q2,2011-06-30,2011-08-12,58171000.0,-58739000.0,-58903000.0,,-65785000.0,74790000.0,-1.0125835897612212,-1.009764315552423,-140575000.0
TSLA,"TESLA, INC.",1318605,0001193125-11-308489,10-Q,2011.0,Q3,2011-09-30,2011-11-14,57666000.0,-64477000.0,-65078000.0,,-87276000.0,143634000.0,-1.1285332778413624,-1.1181111920369022,-230910000.0
TSLA,"TESLA, INC.",1318605,0001193125-12-081990,10-K,2011.0,FY,2011-12-31,2012-02-27,204242000.0,-251488000.0,-254411000.0,,-114364000.0,197896000.0,-1.245635079954172,-1.231323625894772,-312260000.0
TSLA,"TESLA, INC.",1318605,0001193125-12-225825,10-Q,2012.0,Q1,2012-03-31,2012-05-10,30167000.0,-88763000.0,-89873000.0,,-50087000.0,67987000.0,-2.9791825504690554,-2.9423873769350615,-118074000.0
TSLA,"TESLA, INC.",1318605,0001193125-12-332138,10-Q,2012.0,Q2,2012-06-30,2012-08-02,26653000.0,-106175000.0,-105603000.0,,-111068000.0,129273000.0,-3.962143098337898,-3.9836040970997635,-240341000.0
TSLA,"TESLA, INC.",1318605,0001193125-12-457610,10-Q,2012.0,Q3,2012-09-30,2012-11-07,50104000.0,-108460000.0,-110804000.0,,-206020000.0,197745000.0,-2.211480121347597,-2.1646974293469583,-403765000.0
TSLA,"TESLA, INC.",1318605,0001193125-13-096241,10-K,2012.0,FY,2012-12-31,2013-03-07,413256000.0,-394283000.0,-396213000.0,,-266081000.0,239228000.0,-0.958759219466868,-0.9540889908434481,-505309000.0
TSLA,"TESLA, INC.",1318605,0001193125-13-212354,10-Q,2013.0,Q1,2013-03-31,2013-05-10,561792000.0,-5584000.0,11248000.0,0.0,64079000.0,57727000.0,0.02002164502164502,-0.009939621781727045,6352000.0
TSLA,"TESLA, INC.",1318605,0001193125-13-327916,10-Q,2013.0,Q2,2013-06-30,2013-08-09,405139000.0,-11792000.0,-30502000.0,,25886000.0,98242000.0,-0.07528774075070531,-0.02910605989549266,-72356000.0
TSLA,"TESLA, INC.",1318605,0001193125-13-435480,10-Q,2013.0,Q3,2013-09-30,2013-11-08,431346000.0,-30554000.0,-38496000.0,,128232000.0,174790000.0,-0.08924621997190191,-0.070834086788796,-46558000.0
TSLA,"TESLA, INC.",1318605,0001193125-14-069681,10-K,2013.0,FY,2013-12-31,2014-02-26,2013496000.0,-61283000.0,-74014000.0,,257994000.0,264224000.0,-0.03675895060134214,-0.030436117081931127,-6230000.0
TSLA,"TESLA, INC.",1318605,0001193125-14-192606,10-Q,2014.0,Q1,2014-03-31,2014-05-09,620542000.0,-43967000.0,-49800000.0,-0.4,60640000.0,141364000.0,-0.08025242449342672,-0.07085257726310226,-80724000.0
TSLA,"TESLA, INC.",1318605,0001193125-14-303175,10-Q,2014.0,Q2,2014-06-30,2014-08-08,769349000.0,-28753000.0,-61900000.0,-0.5,57061000.0,317049000.0,-0.08045763366170619,-0.037373155745961846,-259988000.0
TSLA,"TESLA, INC.",1318605,0001193125-14-403635,10-Q,2014.0,Q3,2014-09-30,2014-11-07,851804000.0,-39129000.0,-74708000.0,-0.6,29065000.0,601224000.0,-0.08770562242018116,-0.04593662391817836,-572159000.0
TSLA,"TESLA, INC.",1318605,0001564590-15-001031,10-K,2014.0,FY,2014-12-31,2015-02-26,3198356000.0,-186689000.0,-294040000.0,-2.36,-57337000.0,969885000.0,-0.09193473146829184,-0.0583703002417492,-1027222000.0
TSLA,"TESLA, INC.",1318605,0001564590-15-003789,10-Q,2015.0,Q1,2015-03-31,2015-05-11,939880000.0,-102446000.0,-154181000.0,-1.22,-131794000.0,426060000.0,-0.16404328212112185,-0.10899902115163639,-557854000.0
TSLA,"TESLA, INC.",1318605,0001564590-15-006666,10-Q,2015.0,Q2,2015-06-30,2015-08-07,954976000.0,-170188000.0,-184227000.0,-1.45,-291310000.0,831225000.0,-0.19291270147103173,-0.1782118084642965,-1122535000.0
TSLA,"TESLA, INC.",1318605,0001564590-15-009741,10-Q,2015.0,Q3,2015-09-30,2015-11-05,936789000.0,-183662000.0,-229858000.0,-1.78,-494650000.0,1223628000.0,-0.24536795372277,-0.1960548213098147,-1718278000.0
TSLA,"TESLA, INC.",1318605,0001564590-16-013195,10-K,2015.0,FY,2015-12-31,2016-02-24,4046025000.0,-716629000.0,-888663000.0,-6.93,-524499000.0,1634850000.0,-0.21963853411681836,-0.17711927138364197,-2159349000.0
TSLA,"TESLA, INC.",1318605,0001564590-16-018886,10-Q,2016.0,Q1,2016-03-31,2016-05-10,1147048000.0,-248224000.0,-282267000.0,-2.13,-249605000.0,216859000.0,-0.2460812450743125,-0.21640245220775417,-466464000.0
TSLA,"TESLA, INC.",1318605,0001564590-16-023024,10-Q,2016.0,Q2,2016-06-30,2016-08-05,1270017000.0,-238040000.0,-293188000.0,-2.09,-99269000.0,511579000.0,-0.23085360274704983,-0.18743056195310773,-610848000.0
TSLA,"TESLA, INC.",1318605,0001564590-16-026820,10-Q,2016.0,Q3,2016-09-30,2016-11-02,2298436000.0,85622000.0,21878000.0,0.14,324380000.0,759190000.0,0.009518646592726531,0.03725228807763192,-434810000.0
TSLA,"TESLA, INC.",1318605,0001564590-17-003118,10-K,2016.0,FY,2016-12-31,2017-03-01,7000132000.0,-667340000.0,-674914000.0,-4.68,-123829000.0,1280802000.0,-0.09641446761289645,-0.09533248801594027,-1404631000.0
TSLA,"TESLA, INC.",1318605,0001564590-17-009968,10-Q,2017.0,Q1,2017-03-31,2017-05-10,2696270000.0,-257549000.0,-330277000.0,-2.04,-69811000.0,552624000.0,-0.12249403805998657,-0.09552047829037894,-622435000.0
TSLA,"TESLA, INC.",1318605,0001564590-17-015705,10-Q,2017.0,Q2,2017-06-30,2017-08-04,2789557000.0,-240916000.0,-336397000.0,-2.04,-269983000.0,1511692000.0,-0.12059154912410823,-0.08636353370804038,-1781675000.0
TSLA,"TESLA, INC.",1318605,0001564590-17-021343,10-Q,2017.0,Q3,2017-09-30,2017-11-03,2984675000.0,-535480000.0,-619376000.0,-3.7,-570545000.0,2628126000.0,-0.2075187415715279,-0.17940981848945028,-3198671000.0
TSLA,"TESLA, INC.",1318605,0001564590-18-002956,10-K,2017.0,FY,2017-12-31,2018-02-23,11758751000.0,-1632086000.0,-1961400000.0,-11.83,-60654000.0,3414814000.0,-0.16680343005817538,-0.13879756446921956,-3475468000.0
TSLA,"TESLA, INC.",1318605,0001564590-18-011086,10-Q,2018.0,Q1,2018-03-31,2018-05-07,3408751000.0,-596974000.0,-709551000.0,-4.19,-398376000.0,655662000.0,-0.20815571451244166,-0.17512983494540962,-1054038000.0
TSLA,"TESLA, INC.",1318605,0001564590-18-019254,10-Q,2018.0,Q2,2018-06-30,2018-08-06,4002231000.0,-621392000.0,-717539000.0,-4.22,-528040000.0,1265475000.0,-0.17928475392849638,-0.15526140295250324,-1793515000.0
TSLA,"TESLA, INC.",1318605,0001564590-18-026353,10-Q,2018.0,Q3,2018-09-30,2018-11-02,6824413000.0,416757000.0,311516000.0,1.75,863241000.0,1775746000.0,0.045647295965235396,0.06106854904590329,-912505000.0
TSLA,"TESLA, INC.",1318605,0001564590-19-003165,10-K,2018.0,FY,2018-12-31,2019-02-19,21461268000.0,-388073000.0,-976091000.0,-5.72,2097802000.0,2100724000.0,-0.045481515817238756,-0.018082482358451512,-2922000.0
TSLA,"TESLA, INC.",1318605,0001564590-19-013462,10-Q,2019.0,Q1,2019-03-31,2019-04-29,4541464000.0,-521831000.0,-702135000.0,-4.1,-639606000.0,279932000.0,-0.15460543120015924,-0.11490369625301444,-919538000.0
TSLA,"TESLA, INC.",1318605,0001564590-19-026445,10-Q,2019.0,Q2,2019-06-30,2019-07-29,6349676000.0,-167458000.0,-408334000.0,-2.31,224000000.0,529609000.0,-0.06430784814847246,-0.0263726842125488,-305609000.0
TSLA,"TESLA, INC.",1318605,0001564590-19-038256,10-Q,2019.0,Q3,2019-09-30,2019-10-29,6303000000.0,261000000.0,143000000.0,0.78,980000000.0,915000000.0,0.02268760907504363,0.04140885292717753,65000000.0
TSLA,"TESLA, INC.",1318605,0001564590-20-004475,10-K,2019.0,FY,2019-12-31,2020-02-13,24578000000.0,-69000000.0,-862000000.0,-4.92,2405000000.0,1327000000.0,-0.03507201562372854,-0.002807388721620962,1078000000.0
TSLA,"TESLA, INC.",1318605,0001564590-20-019931,10-Q,2020.0,Q1,2020-03-31,2020-04-30,5985000000.0,283000000.0,16000000.0,0.08,-440000000.0,455000000.0,0.0026733500417710945,0.047284878863826235,-895000000.0
TSLA,"TESLA, INC.",1318605,0001564590-20-033670,10-Q,2020.0,Q2,2020-06-30,2020-07-28,6036000000.0,327000000.0,104000000.0,0.5,524000000.0,1001000000.0,0.017229953611663355,0.05417495029821073,-477000000.0
TSLA,"TESLA, INC.",1318605,0001564590-20-047486,10-Q,2020.0,Q3,2020-09-30,2020-10-26,8771000000.0,809000000.0,331000000.0,0.27,2924000000.0,2006000000.0,0.03773800022802417,0.09223577699236118,918000000.0
TSLA,"TESLA, INC.",1318605,0001564590-21-004599,10-K,2020.0,FY,2020-12-31,2021-02-08,31536000000.0,1994000000.0,721000000.0,0.64,5943000000.0,3157000000.0,0.022862760020294266,0.06322932521562659,2786000000.0
TSLA,"TESLA, INC.",1318605,0000950170-21-000046,10-Q,2021.0,Q1,2021-03-31,2021-04-28,10389000000.0,594000000.0,438000000.0,0.39,1641000000.0,1348000000.0,0.042159976898642794,0.05717585908172105,293000000.0
TSLA,"TESLA, INC.",1318605,0000950170-21-000524,10-Q,2021.0,Q2,2021-06-30,2021-07-27,11958000000.0,1312000000.0,1142000000.0,1.02,3765000000.0,2853000000.0,0.0955009198862686,0.10971734403746446,912000000.0
TSLA,"TESLA, INC.",1318605,0000950170-21-002253,10-Q,2021.0,Q3,2021-09-30,2021-10-25,13757000000.0,2004000000.0,1618000000.0,1.44,6912000000.0,4672000000.0,0.11761285163916552,0.14567129461365122,2240000000.0
TSLA,"TESLA, INC.",1318605,0000950170-22-000796,10-K,2021.0,FY,2021-12-31,2022-02-07,53823000000.0,6523000000.0,5519000000.0,4.9,11497000000.0,6482000000.0,0.10253980640246735,0.12119354179440016,5015000000.0
TSLA,"TESLA, INC.",1318605,0000950170-22-006034,10-Q,2022.0,Q1,2022-03-31,2022-04-25,18756000000.0,3603000000.0,3318000000.0,2.86,3995000000.0,1767000000.0,0.17690339091490723,0.19209852847088932,2228000000.0
TSLA,"TESLA, INC.",1318605,0000950170-22-012936,10-Q,2022.0,Q2,2022-06-30,2022-07-25,16934000000.0,2464000000.0,2259000000.0,1.95,6346000000.0,3497000000.0,0.13340025983229006,0.1455060824376993,2849000000.0
TSLA,"TESLA, INC.",1318605,0000950170-22-019867,10-Q,2022.0,Q3,2022-09-30,2022-10-24,21454000000.0,3688000000.0,3292000000.0,0.95,11446000000.0,5300000000.0,0.15344457909946863,0.17190267549174978,6146000000.0
TSLA,"TESLA, INC.",1318605,0000950170-23-001409,10-K,2022.0,FY,2022-12-31,2023-01-31,81462000000.0,13656000000.0,12556000000.0,3.62,14724000000.0,7158000000.0,0.15413321548697553,0.16763644398615304,7566000000.0
TSLA,"TESLA, INC.",1318605,0000950170-23-013890,10-Q,2023.0,Q1,2023-03-31,2023-04-24,23329000000.0,2664000000.0,2513000000.0,0.73,2513000000.0,2072000000.0,0.10772000514381243,0.11419263577521539,441000000.0
TSLA,"TESLA, INC.",1318605,0000950170-23-033872,10-Q,2023.0,Q2,2023-06-30,2023-07-24,24927000000.0,2399000000.0,2703000000.0,0.78,5578000000.0,4132000000.0,0.10843663497412444,0.09624102378946524,1446000000.0
TSLA,"TESLA, INC.",1318605,0001628280-23-034847,10-Q,2023.0,Q3,2023-09-30,2023-10-23,23350000000.0,1764000000.0,1853000000.0,0.53,8886000000.0,6592000000.0,0.0793576017130621,0.07554603854389721,2294000000.0
TSLA,"TESLA, INC.",1318605,0001628280-24-002390,10-K,2023.0,FY,2023-12-31,2024-01-29,96773000000.0,8891000000.0,14997000000.0,4.3,13256000000.0,8898000000.0,0.15497091130790613,0.0918747997891974,4358000000.0
TSLA,"TESLA, INC.",1318605,0001628280-24-017503,10-Q,2024.0,Q1,2024-03-31,2024-04-24,21301000000.0,1171000000.0,1129000000.0,0.34,242000000.0,2773000000.0,0.05300220646917985,0.054973944885216654,-2531000000.0
TSLA,"TESLA, INC.",1318605,0001628280-24-032662,10-Q,2024.0,Q2,2024-06-30,2024-07-24,25500000000.0,1605000000.0,1478000000.0,0.42,3854000000.0,5043000000.0,0.05796078431372549,0.06294117647058824,-1189000000.0
TSLA,"TESLA, INC.",1318605,0001628280-24-043486,10-Q,2024.0,Q3,2024-09-30,2024-10-24,25182000000.0,2717000000.0,2167000000.0,0.62,10109000000.0,8556000000.0,0.08605353029942021,0.10789452783734413,1553000000.0
TSLA,"TESLA, INC.",1318605,0001628280-25-003063,10-K,2024.0,FY,2024-12-31,2025-01-30,97690000000.0,7076000000.0,7091000000.0,2.04,14923000000.0,11339000000.0,0.07258675401781145,0.07243320708363189,3584000000.0
TSLA,"TESLA, INC.",1318605,0001628280-25-018911,10-Q,2025.0,Q1,2025-03-31,2025-04-23,19335000000.0,399000000.0,409000000.0,0.12,2156000000.0,1492000000.0,0.021153348849237134,0.020636152055857254,664000000.0
